login,name,habit,location,time,animal
ckohneke0,Carmel Kohneke,3,Jing’an,12:48 AM,"Whale, killer"
sburtenshaw1,Sammy Burtenshaw,4,San José,3:16 PM,"Kangaroo, black-faced"
snutbrown2,Sula Nutbrown,1,Anqing,1:33 PM,"Bee-eater, nubian"
adyhouse3,Allis Dyhouse,2,Bato,10:41 AM,"Lizard, collared"
gpyser4,Georgeta Pyser,4,Fucheng,4:28 PM,Red meerkat
schaters5,Sabine Chaters,1,Río Limpio,9:39 AM,"Bird, pied butcher"
fsturman6,Fiona Sturman,2,Celica,7:37 AM,White-mantled colobus
rbensusan7,Rip Bensusan,3,Érd,3:20 AM,"Penguin, galapagos"
gpulley8,Gregoire Pulley,3,Stapleford,9:35 AM,Desert kangaroo rat
jivamy9,Jenni Ivamy,3,Zhaigang,2:29 PM,"Starling, superb"
crubicaa,Crawford Rubica,4,Khairpur Nathan Shāh,3:12 PM,"Lion, steller sea"
lstainlandb,Lesley Stainland,1,Yangtan,8:37 PM,American black bear
dclellandc,Deny Clelland,1,Kadaka,10:15 AM,Bird (unidentified)
hsecretd,Hew Secret,1,Gugut,2:59 AM,"Hornbill, red-billed"
wneseye,Winslow Nesey,1,Aţ Ţawīlah,3:28 PM,European badger
qibarraf,Quintus Ibarra,4,Miasskoye,8:00 PM,"Bear, black"
vrysomg,Vic Rysom,1,Bulu,5:56 AM,"Badger, european"
pmacgaheyh,Polly MacGahey,2,San Agustín de Valle Fértil,4:47 AM,Miner's cat
jdionisii,Jean Dionisi,3,Tunjë,10:35 PM,"Bleu, blue-breasted cordon"
rmcquilkinj,Robinette McQuilkin,2,Capilla del Monte,6:32 PM,Impala
cgriswaitek,Cody Griswaite,3,Ōkawara,8:22 PM,Savanna baboon
agherardil,Ara Gherardi,3,Bunobogu,6:58 PM,"Snake, western patch-nosed"
rlocksm,Ryan Locks,3,Narbonne,4:27 PM,"Peacock, indian"
bsweatlandn,Babb Sweatland,3,Baopukang,3:54 PM,"Gull, silver"
tgaufordo,Tedra Gauford,1,Lembur Tengah,11:24 PM,Ovenbird
fadamep,Fredrika Adame,1,Cheonan,5:55 AM,"Squirrel, eurasian red"
mbourgetq,Melita Bourget,3,Cherëmushki,11:18 PM,"Owl, burrowing"
bhavillr,Berget Havill,3,Ashtarak,11:14 AM,"Salmon, sockeye"
vwaldies,Vinita Waldie,1,Alcácer do Sal,4:57 AM,Striated heron
rscotneyt,Ramonda Scotney,3,Butwāl,10:48 PM,"Tinamou, elegant crested"
jthowesu,Janos Thowes,3,Sigavé,4:39 PM,"Deer, red"
bpoizerv,Buddie Poizer,2,Avignon,2:28 AM,"Cat, european wild"
sboundw,Shandee Bound,1,Anshan,5:38 AM,Puku
ceathornex,Caril Eathorne,4,Zarichchya,10:45 PM,"Tern, arctic"
acarffy,Ambur Carff,4,Akat Amnuai,8:26 PM,Gray duiker
dsarneyz,Daniele Sarney,4,Tiantang,6:25 AM,"Porcupine, prehensile-tailed"
blarraway10,Brien Larraway,4,Nanwai,11:58 AM,"Shrew, mandras tree"
pdoubrava11,Peterus Doubrava,1,Yangzhuang,1:33 PM,Magistrate black colobus
dsmellie12,Daffie Smellie,4,Truskavets,7:14 AM,"Otter, small-clawed"
ebrydie13,Enrico Brydie,1,Dragash,11:47 AM,"Gorilla, western lowland"
wdixey14,Wendi Dixey,4,Palca,4:16 AM,Red hartebeest
bblodg15,Blanche Blodg,3,Sośno,9:11 AM,"Wolf, mexican"
slaxen16,Skip Laxen,1,Waddān,9:20 AM,"Loris, slender"
jbanger17,Jonathan Banger,3,Tiarei,4:49 PM,Ring-necked pheasant
ckyte18,Chadwick Kyte,3,Sinjār,8:53 AM,Mexican boa
ccowpe19,Carry Cowpe,3,Aoqiao,7:42 PM,Red deer
jguiducci1a,Jacqueline Guiducci,3,Mach,9:07 PM,"Whale, southern right"
mnunson1b,Marne Nunson,2,Yanghe,2:12 AM,Sugar glider
cdeplacido1c,Chrotoem Deplacido,3,Kysyl-Syr,1:52 AM,"Vulture, lappet-faced"
jlutwyche1d,Jordan Lutwyche,2,San Ignacio de Tupile,1:03 PM,Pacific gull
rklossmann1e,Roxanna Klossmann,1,Xuanhua,7:49 AM,Mallard
dlearned1f,Delbert Learned,1,Lajeado,7:46 AM,Zorilla
dconnor1g,Duffie Connor,1,Myasnikyan,8:08 AM,"Hawk, galapagos"
mbisiker1h,Marcelle Bisiker,3,Tegarenkrajan,7:03 AM,"Vulture, lappet-faced"
ccomelli1i,Clarita Comelli,2,Maribong,9:47 PM,Black curlew
wnovotni1j,Willie Novotni,4,Rio Piracicaba,10:55 AM,"Sparrow, rufous-collared"
trobken1k,Tiphani Robken,1,Francisco Villa,6:03 AM,Gila monster
clinay1l,Corbet Linay,4,Agat Village,6:41 AM,White stork
lmannie1m,Lottie Mannie,3,Primorsko-Akhtarsk,3:46 AM,Guerza
jpavlik1n,Judi Pavlik,1,Zborište,4:19 AM,"Waxbill, black-cheeked"
jmanders1o,Jacquenetta Manders,2,Bicos,8:02 PM,African clawless otter
slibero1p,Shem Libero,1,Pasirjengkol,10:20 AM,"Armadillo, seven-banded"
mofogerty1q,Maiga O'Fogerty,3,Sunagawa,7:29 AM,Emerald-spotted wood dove
rgencke1r,Randell Gencke,4,Kampungtengah,1:05 AM,Silver-backed fox
hanthoin1s,Hillery Anthoin,1,Sovetskiy,3:48 PM,Hyrax
iarnaut1t,Ivan Arnaut,3,Passo Fundo,4:36 AM,"Rhinoceros, black"
pgruszka1u,Petronella Gruszka,3,Laoxingchang,8:28 AM,Rufous tree pie
lsalazar1v,Luce Salazar,4,Tangwu,1:53 AM,"Hartebeest, coke's"
sslinn1w,Sheelah Slinn,2,Novotroitsk,11:09 AM,"Cat, tiger"
epays1x,Ewart Pays,3,Beixin,12:14 AM,"Eagle, long-crested hawk"
gwestlake1y,Gabriell Westlake,4,Checun,1:07 AM,Steller's sea lion
cbarts1z,Charlene Barts,2,Kurunegala,6:11 AM,Campo flicker
osommerled20,Oralle Sommerled,1,Okunoya,1:36 AM,"Gecko, ring-tailed"
wphythian21,Waylon Phythian,3,Saḩab,3:40 AM,"Stork, white-necked"
zmembry22,Zebadiah Membry,1,Hrvatska Kostajnica,5:52 PM,"Duck, mountain"
ekenningley23,Edie Kenningley,1,Jiefu,10:43 PM,"Rhinoceros, black"
atomadoni24,Amerigo Tomadoni,4,Taber,8:55 PM,"Beaver, american"
ageikie25,Alina Geikie,4,Majie,11:05 PM,"Dunnart, fat-tailed"
eselborne26,Efrem Selborne,3,Fuwah,4:18 AM,Blesbok
rduns27,Rollin Duns,3,Albanel,6:28 AM,"Squirrel, eastern fox"
nmaxwell28,Noelle Maxwell,4,Melong,4:36 AM,"Monkey, rhesus"
sbuey29,Sybille Buey,2,Mueang Nonthaburi,5:24 AM,"Baboon, chacma"
freece2a,Fara Reece,1,Beaverlodge,4:13 PM,"Dolphin, bottle-nose"
hgellately2b,Hillard Gellately,2,Placencia,9:08 PM,Mexican boa
aradeliffe2c,Aubrey Radeliffe,2,Beaverlodge,9:50 PM,"Eagle, long-crested hawk"
sthom2d,Shaylyn Thom,2,Umm as Sāhik,6:29 PM,White-necked stork
aryley2e,Alie Ryley,1,Constanza,8:04 PM,"Cat, toddy"
fimlaw2f,Friedrich Imlaw,3,Jianggezhuang,7:55 PM,Bohor reedbuck
rwellan2g,Roxine Wellan,1,Guapimirim,6:19 AM,Tiger snake
nsherr2h,Nealon Sherr,1,Río Blanquito,4:11 AM,Sambar
rmonnelly2i,Rochella Monnelly,3,Alcorriol,9:04 PM,Giraffe
sflecknoe2j,Smitty Flecknoe,4,Bodĭ,4:07 PM,Eastern cottontail rabbit
cdodgshon2k,Chic Dodgshon,2,Laguna de Perlas,7:35 PM,Woylie
torgan2l,Timmy Organ,4,Samacá,11:28 PM,Black-footed ferret
thandling2m,Tara Handling,1,Wesoła,5:54 PM,Denham's bustard
athomasset2n,Amory Thomasset,2,Chaoyang,3:55 AM,Dromedary camel
chubber2o,Conrade Hubber,2,Jing’an,9:21 AM,Springbok
mheams2p,Madalena Heams,2,Kozhva,10:29 PM,Snow goose
dboriston2q,Demetri Boriston,3,Yefimovskiy,12:40 AM,"Phalarope, northern"
mpeacham2r,Marmaduke Peacham,2,Postojna,2:04 AM,Ostrich
kwalklett2s,Karel Walklett,1,Honglin,7:21 PM,"Insect, stick"
askayman2t,Aurelea Skayman,4,Dongping,8:56 PM,Sockeye salmon
sdurram2u,Sari Durram,2,Daxin,7:38 AM,Red-tailed cockatoo
hde2v,Hyman De Laci,4,Ceranów,2:04 AM,"Macaque, pig-tailed"
foleszczak2w,Fredrick Oleszczak,3,Quetigny,11:08 AM,Barasingha deer
ltippell2x,Levy Tippell,2,Ymittos,11:40 PM,"Sloth, pale-throated three-toed"
mbompass2y,Monah Bompass,2,Fu’an,8:44 PM,"Crane, wattled"
ewillson2z,Evita Willson,4,Khāndbāri,11:05 AM,Gila monster
jjiles30,Jasun Jiles,3,Shouchun,7:51 AM,Black-crowned crane
bsinkinson31,Borden Sinkinson,4,Hroznětín,3:11 PM,Western lowland gorilla
marthan32,Max Arthan,3,Perpignan,3:13 AM,Hippopotamus
bbiddiss33,Berta Biddiss,3,Novi Vinodolski,4:08 AM,White-fronted capuchin
eidwal34,Evvie Idwal Evans,1,Doblas,6:54 AM,"Hawk-eagle, crowned"
asmiley35,Adelice Smiley,1,Goght’,7:55 AM,Black-faced kangaroo
rfosdick36,Rosella Fosdick,2,Guiniculalay,8:12 PM,South American puma
bdewett37,Bourke Dewett,3,Isiro,1:08 PM,"Starling, red-shouldered glossy"
ehearst38,Enrico Hearst,4,Kasturi,11:40 AM,Sambar
bgeorgiev39,Bibi Georgiev,3,Kumo,7:22 PM,Eleven-banded armadillo (unidentified)
acrook3a,Arabelle Crook,4,Pokhvistnevo,9:25 PM,"Porcupine, tree"
hruter3b,Hanson Ruter,4,Kol’chugino,1:42 AM,"White-eye, cape"
amebius3c,Almeta Mebius,2,Calachuchi,12:30 PM,"Otter, oriental short-clawed"
akeher3d,Ashli Keher,4,Sacramento,8:19 AM,"Tortoise, burmese black mountain"
mmaffezzoli3e,Mar Maffezzoli,2,Richibucto,7:48 PM,Capybara
kghidini3f,Karry Ghidini,4,Liuzuo,9:21 PM,"Porcupine, north american"
cdalziel3g,Carmelina Dalziel,1,Tempeh Tengah,3:26 PM,Red phalarope
sgiabuzzi3h,Stephani Giabuzzi,4,Kinsealy-Drinan,11:45 PM,Tree porcupine
amerredy3i,Anabelle Merredy,2,Baimi,7:17 AM,"Heron, boat-billed"
cspitaro3j,Cynthy Spitaro,1,Kedungdoro,8:55 PM,"Barbet, crested"
gbranca3k,Gwendolyn Branca,2,Butha-Buthe,4:27 AM,"Dragon, netted rock"
bwinks3l,Billie Winks,4,Mekarsari,3:13 PM,Asian openbill
jbarnham3m,Junie Barnham,2,Kaliuda,6:32 AM,Frilled dragon
ratack3n,Rory Atack,1,Xinzhaiping,2:00 AM,"Cat, jungle"
pjury3o,Pail Jury,2,Tancheng,1:44 AM,Lizard (unidentified)
mfaill3p,Marylin Faill,1,Changliang,7:02 AM,"Kookaburra, laughing"
jhatwell3q,Javier Hatwell,2,Hongshanzui,6:07 AM,"Gull, swallow-tail"
msudran3r,Marley Sudran,1,Trảng Bom,3:26 PM,"Tortoise, desert"
nbetteney3s,Nell Betteney,4,Nkove,1:56 PM,"Heron, goliath"
aromaynes3t,Albertine Romaynes,1,Peachland,1:29 PM,"Porcupine, prehensile-tailed"
drushsorth3u,Daryl Rushsorth,2,Babakanbandung,8:20 PM,"Buffalo, american"
hboatright3v,Helga Boatright,2,Sai’erlong Xiang,1:52 AM,American woodcock
itoy3w,Idalia Toy,1,Jocotenango,9:38 PM,Worm snake (unidentified)
acleft3x,Arri Cleft,3,Nanyaojie,10:25 PM,"Grenadier, purple"
ngerling3y,Nessi Gerling,4,Emiliano Zapata,2:43 AM,"Gull, swallow-tail"
momullaney3z,Marcelline O'Mullaney,3,Namangan Shahri,9:28 AM,European wild cat
rlorkin40,Rycca Lorkin,1,Tëplaya Gora,10:31 PM,Oriental short-clawed otter
ogretton41,Oneida Gretton,3,Ruangwa,5:52 AM,Eastern boa constrictor
abelding42,Anita Belding,1,Atiquizaya,2:27 PM,"Finch, common melba"
dtremmel43,Daniella Tremmel,2,Wendo,7:25 PM,"Viper, egyptian"
dcolkett44,Dyann Colkett,4,Newton,7:13 PM,Greater rhea
rdoey45,Rey Doey,2,Kokshetau,7:37 AM,Llama
wmcanellye46,Winn McAnellye,3,Dongtai,3:38 AM,"Lion, australian sea"
garkley47,Gerald Arkley,2,Novoshakhtinsk,10:42 AM,Desert spiny lizard
mgartside48,Minna Gartside,1,Kladovo,10:46 PM,"Whale, southern right"
fdeinert49,Fern Deinert,4,Chantal,4:34 AM,Green-winged macaw
pbenford4a,Pattie Benford,1,Açucena,7:31 PM,"Goose, egyptian"
mpairpoint4b,Mariann Pairpoint,2,Marinha,7:01 PM,Crab (unidentified)
ereadett4c,Emalia Readett,2,Kinango,10:07 PM,"Hartebeest, coke's"
rcruikshank4d,Rodolph Cruikshank,3,Kiyevskoye,2:21 AM,"Phalarope, red"
rsyfax4e,Rafferty Syfax,2,Kavieng,1:10 PM,White rhinoceros
ekiehne4f,Eamon Kiehne,2,Amsterdam-Oost,9:38 AM,Tiger
jscotfurth4g,Juliette Scotfurth,2,Huazhuang,11:12 AM,"Elephant, asian"
ebitterton4h,Emili Bitterton,1,Ventsy,12:34 AM,Dama wallaby
eprendeville4i,Elinor Prendeville,4,Portão,11:19 PM,"Peccary, white-lipped"
ccopner4j,Clarey Copner,2,Koceljeva,4:45 AM,"Wallaby, bennett's"
lhale4k,Loralyn Hale,2,Otllak,9:48 AM,Yellow-billed hornbill
agirardini4l,Annnora Girardini,2,Dateng,7:40 AM,"Lion, south american sea"
tbeatey4m,Tracee Beatey,1,Faruka,8:08 PM,Frilled dragon
bkebbell4n,Birk Kebbell,3,Cigaluh,12:58 PM,"Heron, giant"
rsettle4o,Roman Settle,1,Potou,10:25 PM,Horned puffin
mrambaut4p,Matilda Rambaut,3,Raleigh,1:56 AM,"Fox, savanna"
agraser4q,Agnesse Graser,1,Young America,11:02 PM,Pampa gray fox
bpardue4r,Bing Pardue,4,Nikita,11:16 PM,Indian star tortoise
herangy4s,Howey Erangy,3,Hecun,3:41 PM,"Duck, comb"
enelsey4t,Erasmus Nelsey,3,Xichehe,10:53 AM,Margay
tblatherwick4u,Tannie Blatherwick,1,Lalig,6:47 PM,Southern right whale
ggilvear4v,Gwenore Gilvear,4,Alqueva,12:22 PM,Kaffir cat
mstandfield4w,Matelda Standfield,4,Taocheng,6:24 AM,Sarus crane
gcockshtt4x,Gabi Cockshtt,2,Jankovec,11:36 AM,Long-nosed bandicoot
rholtum4y,Rudyard Holtum,1,Longhe,6:30 PM,Gambel's quail
croseman4z,Claretta Roseman,4,Warmbaths,10:31 PM,"Shrike, crimson-breasted"
skuhle50,Simonette Kuhle,4,Soufrière,6:01 PM,Pied butcher bird
atempleton51,Alejandra Templeton,4,Jincheng,10:39 PM,"Hoopoe, eurasian"
rstebbings52,Randy Stebbings,1,Īz̄eh,5:24 PM,"Heron, yellow-crowned night"
tshepton53,Trefor Shepton,3,La Cruz,1:06 PM,Least chipmunk
cdeane54,Christa Deane,3,Tha Tako,7:41 AM,"Cat, tiger"
mspawell55,Myranda Spawell,3,Toungo,5:24 AM,"Rhea, greater"
creynoldson56,Chrystel Reynoldson,1,Pointe-à-Pitre,2:20 PM,"Stork, white-necked"
bfaireclough57,Becki Faireclough,2,Afántou,11:34 PM,Giant otter
ahaquin58,Alasdair Haquin,3,Lisewo,12:01 AM,"Roller, lilac-breasted"
hhurcombe59,Hakeem Hurcombe,4,Faḩmah,10:56 AM,"Glider, squirrel"
mhofler5a,Michele Hofler,3,Daugavgrīva,3:33 PM,"Gnu, brindled"
gcline5b,Gonzalo Cline,3,Mobile,3:00 PM,"Butterfly, tropical buckeye"
astitson5c,Aurore Stitson,1,Wentugaole,3:31 AM,Grant's gazelle
hverrill5d,Herrick Verrill,1,Rathdrum,6:00 PM,Southern black-backed gull
cnilles5e,Cassius Nilles,4,Bundoc,8:46 PM,"Goose, knob-nosed"
draggles5f,Dyane Raggles,4,Maying,1:45 AM,"Sheathbill, snowy"
zmaliffe5g,Zacharias Maliffe,4,Asan Kumbang,4:59 AM,Smith's bush squirrel
jcurless5h,Janette Curless,2,Pelem,11:49 AM,"Parakeet, rose-ringed"
jmckoy5i,Jamie McKoy,3,Sanya,8:52 PM,Giant armadillo
gocosgra5j,Gretna O'Cosgra,2,Karlskrona,3:54 PM,Common turkey
jbrabant5k,Joanna Brabant,2,Gaspra,2:44 PM,Caracal
msealove5l,Mariellen Sealove,1,Shimorskoye,11:45 AM,Common melba finch
smunford5m,Sheela Munford,3,Tanagara,1:28 AM,Western grey kangaroo
ttreffry5n,Thalia Treffry,1,Salyan,3:17 PM,"Vulture, turkey"
adunford5o,Adda Dunford,1,Raciąż,8:50 PM,Common rhea
wdoby5p,Wylma Doby,2,Agios Dimitrios,5:30 AM,"Goldeneye, barrows"
wlibermore5q,Westleigh Libermore,3,Hajeom,2:21 AM,"Lemur, lesser mouse"
wsimacek5r,Waverley Simacek,2,Jujur,11:28 PM,Goliath heron
ckrishtopaittis5s,Cristobal Krishtopaittis,4,Severoural’sk,6:49 AM,"Duck, comb"
mreffe5t,Murvyn Reffe,2,Rosa Zarate,3:50 PM,Jaguar
sgillicuddy5u,Shara Gillicuddy,1,Al Hāshimīyah,9:46 PM,Marabou stork
gshannon5v,Garv Shannon,3,Shuangxiqiao,7:57 AM,"Boa, cook's tree"
pskacel5w,Paulo Skacel,2,Jianlong,5:51 AM,"Barbet, black-collared"
pwoodrup5x,Pauli Woodrup,2,Suisan,11:23 AM,"Whale, killer"
bclipsham5y,Brynna Clipsham,3,Anping,2:52 PM,"Skink, blue-tongued"
jvalder5z,Joice Valder,2,Bitanjuan,3:53 PM,"Vulture, egyptian"
mherion60,Meghan Herion,2,Stockholm,5:54 AM,Fairy penguin
thebson61,Timothee Hebson,2,Rio Meão,5:14 PM,Madagascar fruit bat
emcgrayle62,Eduardo McGrayle,2,Lazaro Cardenas,12:53 AM,"Squirrel, malabar"
pabby63,Penny Abby,3,Quthing,9:29 AM,South American sea lion
ccoytes64,Claus Coytes,1,Fatou,5:06 PM,Eastern diamondback rattlesnake
bdunniom65,Berte Dunniom,3,Ocongate,1:05 PM,"Woodpecker, red-headed"
dwillmont66,Davie Willmont,2,Sbo’o,6:44 AM,"Sheep, red"
ecarruth67,Emile Carruth,3,Jaunpiebalga,1:10 PM,"Vulture, egyptian"
jesterbrook68,Jess Esterbrook,3,Kolkhozobod,7:44 PM,"Finch, common melba"
jmacduff69,Jobi MacDuff,1,Katyuzhanka,5:04 PM,"Gecko, ring-tailed"
tcull6a,Trevor Cull,3,Tianhe,1:20 PM,"Badger, european"
fnassi6b,Flynn Nassi,2,Shadrinsk,8:50 PM,"Stork, jabiru"
cblackly6c,Cletis Blackly,2,Lemahputih,10:42 PM,"Snake, eastern indigo"
loflaverty6d,Lowell O'Flaverty,4,Bangkalan,6:34 PM,"Jaeger, long-tailed"
ftalton6e,Frederico Talton,2,Taiba,3:38 AM,"Mynah, common"
grosenkrantz6f,Godfry Rosenkrantz,1,Dromiskin,6:02 AM,Bare-faced go away bird
srollinshaw6g,Sophronia Rollinshaw,3,Chantilly,1:11 AM,Little grebe
kgoom6h,Kendricks Goom,4,Korosten’,8:43 PM,"Sloth, pale-throated three-toed"
slevine6i,Sophi Levine,4,Aix-en-Provence,6:19 AM,Black-capped chickadee
eseiler6j,Erhard Seiler,4,Olival,1:25 PM,"Vulture, turkey"
rboutwell6k,Roderich Boutwell,2,Ceelbuur,6:48 AM,"Bulbul, african red-eyed"
ckmietsch6l,Celie Kmietsch,1,Okcheon,7:09 AM,Bare-faced go away bird
jcossins6m,Jeanelle Cossins,4,Cibeunying,7:12 PM,Common ringtail
mcoda6n,Marabel Coda,4,Yermolayevo,11:33 AM,"Kiskadee, great"
npingston6o,Nadine Pingston,2,Jambeyan,2:19 AM,Western grey kangaroo
mditty6p,Mervin Ditty,4,Choroszcz,12:51 AM,Asian foreset tortoise
tperrigo6q,Tate Perrigo,1,Mulhouse,12:46 PM,Western lowland gorilla
dcattlemull6r,Donelle Cattlemull,3,Zhaigang,7:12 PM,Kori bustard
mgrishanin6s,Morgen Grishanin,1,Nagano-shi,1:14 AM,Honey badger
amangenet6t,Alick Mangenet,4,Haninge,5:44 PM,Dama wallaby
sovett6u,Shae Ovett,4,Lobos,5:43 PM,Yellow baboon
mframe6v,Mona Frame,3,Cahors,7:44 PM,"Snake, carpet"
abullan6w,Antone Bullan,4,San Jose,4:21 PM,"Frogmouth, tawny"
doroan6x,Dyna O'Roan,3,Sansanné-Mango,10:48 PM,Ovenbird
kbawcock6y,Kim Bawcock,3,Yanhe,2:47 PM,American woodcock
cfricker6z,Carrie Fricker,2,Kungsör,6:30 AM,"Sheep, stone"
ccackett70,Catherin Cackett,3,Pore,4:34 PM,"Goose, knob-nosed"
lsnasdell71,Linell Snasdell,3,Sekondi-Takoradi,11:50 AM,Mouflon
mpartener72,Mallory Partener,2,Chayuan,4:25 AM,Crab (unidentified)
thaste73,Travus Haste,1,Caidian,4:52 PM,Great egret
cborthwick74,Cam Borthwick,3,Sallanches,8:44 PM,Long-crested hawk eagle
mmcinally75,Maynard McInally,4,Yeşilköy,4:25 PM,"Squirrel, uinta ground"
adoddrell76,Arvie Doddrell,2,Mannheim,7:09 PM,"Bat, asian false vampire"
klabbati77,Kristos Labbati,4,Lonya Chico,11:11 PM,White-winged tern
mportwaine78,Mareah Portwaine,4,Copa,1:38 PM,"Baboon, chacma"
dmacmaster79,Dilly MacMaster,1,Martanesh,3:52 PM,"Nuthatch, red-breasted"
rbuckoke7a,Roland Buckoke,1,Çepan,4:46 AM,"Cat, european wild"
lwelford7b,Leigh Welford,1,Ban Phai,1:04 PM,"Wallaby, river"
jyeoman7c,Jordan Yeoman,4,Jequié,8:23 PM,"White-eye, cape"
gcolaco7d,Gabbie Colaco,1,Baytā al Fawqā,3:07 AM,Monitor lizard (unidentified)
dhazel7e,Daniele Hazel,2,Kamárai,9:33 PM,American alligator
dclassen7f,Dorri Classen,2,Villa Mercedes,4:32 PM,"Vulture, white-rumped"
mmildmott7g,Mallory Mildmott,3,Tsibulev,1:00 PM,"Bushbaby, large-eared"
rlangdon7h,Roxane Langdon,2,Bulangan,11:04 AM,"Eagle, african fish"
dsimak7i,Danella Simak,3,Ngangguk,12:14 PM,Mexican boa
ghaliday7j,Giselle Haliday,3,Rantauambacang,10:36 PM,Yellow-necked spurfowl
rbarns7k,Raina Barns,1,Straszydle,1:07 AM,Asian false vampire bat
bcassedy7l,Bail Cassedy,4,Dongcheng,3:54 PM,"Wildebeest, blue"
ffinney7m,Forester Finney,1,Višňové,6:16 PM,"Hen, sage"
pelecum7n,Paulette Elecum,2,El Charco,4:05 PM,Bat-eared fox
nsnoxall7o,Nannie Snoxall,4,Eqbālīyeh,11:56 PM,Openbill stork
afisher7p,Adrianne Fisher,3,Abaza,9:46 AM,"Lion, south american sea"
bwhooley7q,Bradford Whooley,2,Xinning,1:02 AM,Praying mantis (unidentified)
mspeare7r,Melvyn Speare,2,Jeremoabo,2:07 PM,Indian tree pie
lyesichev7s,Lalo Yesichev,1,Palopo,10:52 PM,"Dove, white-winged"
jdear7t,Josiah Dear,2,Sydney South,1:54 AM,Egyptian vulture
ameechan7u,Aurora Meechan,4,Kungsbacka,3:24 PM,Eastern box turtle
bshippey7v,Brina Shippey,3,Qujiang,8:41 AM,South American meadowlark (unidentified)
ldeinhardt7w,Letisha Deinhardt,2,Mesa,11:56 AM,Tiger
fmcgonagle7x,Fawnia McGonagle,2,Marinilla,9:51 AM,Yellow-throated sandgrouse
hchason7y,Hewe Chason,3,Eastern Suburbs Mc,8:35 AM,Currasow (unidentified)
khoulahan7z,Kayle Houlahan,1,Mbuji-Mayi,11:11 PM,Indian mynah
hmacvagh80,Harper MacVagh,1,Yingshouyingzi,11:23 PM,Australian brush turkey
adavenall81,Addison Davenall,2,Yamaranguila,3:28 AM,"Vulture, black"
fpaslow82,Francine Paslow,3,Sunja,7:05 AM,"Puma, south american"
uvowell83,Urbain Vowell,1,Sterling,3:53 AM,Vine snake (unidentified)
shicklingbottom84,Stella Hicklingbottom,1,Cubatão,12:49 AM,"Nighthawk, common"
kcoaster85,Kristian Coaster,2,Bailiang,3:43 AM,"Macaque, bonnet"
cculver86,Cecilio Culver,4,Rybinsk,1:37 AM,Mexican beaded lizard
cwikey87,Cacilia Wikey,4,Moncada,4:12 AM,"Wildebeest, blue"
kfeasey88,Karin Feasey,2,Hawassa,12:23 AM,"Snake, eastern indigo"
jtrask89,Jyoti Trask,2,San Cristobal,1:58 PM,Gray heron
dneles8a,Damian Neles,2,Saba Yoi,6:02 PM,Great kiskadee
jspeechly8b,Jaclyn Speechly,4,Fuxing,4:55 PM,"Eagle, bald"
eedson8c,Emmanuel Edson,4,Wang Noi,4:29 PM,"Eagle, crowned"
tluxton8d,Tito Luxton,3,Huquan,10:59 AM,"Dragon, asian water"
etrahar8e,Euphemia Trahar,3,Topi,5:45 PM,Hanuman langur
jlivick8f,Jeremie Livick,3,Chipoka,4:37 PM,"Bustard, stanley"
lmiko8g,Luca Miko,3,Port Harcourt,9:47 AM,Sable antelope
gbakhrushin8h,Garv Bakhrushin,2,San Carlos,11:37 AM,Purple grenadier
dshieber8i,Derril Shieber,3,Batal,11:54 AM,Sun gazer
omulran8j,Owen Mulran,3,Naikolan,2:58 PM,Indian giant squirrel
frentcome8k,Filia Rentcome,4,Puerto Mayor Otaño,9:35 PM,Red kangaroo
croggeman8l,Carley Roggeman,4,Kisumu,2:50 PM,"Dove, white-winged"
lbrockway8m,Loutitia Brockway,1,Orhei,2:18 PM,"Lynx, african"
zmulbery8n,Zulema Mulbery,1,Mandalt,2:25 PM,Yellow-bellied marmot
frubinek8o,Felike Rubinek,3,Stęszew,1:16 AM,"Bear, grizzly"
jbetty8p,Janetta Betty,4,Shuvakish,1:35 PM,"Sparrow, house"
ctrime8q,Carolynn Trime,4,Szubin,1:33 PM,"Snake, carpet"
lbrackenridge8r,Lawton Brackenridge,3,Rebe,6:04 AM,Hummingbird (unidentified)
bmcdonnell8s,Berni McDonnell,4,Carmen de Viboral,6:12 AM,Common seal
jjose8t,Jeni Jose,4,Aghavnatun,9:05 PM,Sidewinder
adevinn8u,Archy Devinn,2,Novikovo,3:29 PM,"Deer, black-tailed"
ybraiden8v,Yanaton Braiden,1,Castro,12:54 PM,"Snake, carpet"
rerley8w,Ricardo Erley,1,Nanaimo,10:19 AM,African wild cat
rgoudie8x,Reamonn Goudie,2,Grande Rivière Noire,1:50 AM,Greater kudu
hgargett8y,Horatius Gargett,2,Itapemirim,12:05 PM,Southern brown bandicoot
nle8z,Nicol Le Bosse,2,Nový Hrozenkov,2:41 AM,"Cormorant, large"
mlepere90,Mei Lepere,2,Bedayutalang,3:32 PM,"Boa, mexican"
lkrzyzowski91,Lyndsey Krzyzowski,2,Metković,4:43 PM,Burrowing owl
lwasmer92,Layla Wasmer,1,Molchanovo,1:07 PM,Campo flicker
whavick93,Woody Havick,4,Buritis,8:30 PM,Harbor seal
bgow94,Binny Gow,4,Robertsport,11:49 AM,Western patch-nosed snake
cpepi95,Chris Pepi,4,São Bento,3:02 AM,Woodchuck
kcaulier96,Karlen Caulier,3,Binlod,3:01 AM,Silver-backed fox
wbroxis97,Weston Broxis,1,Bagacay,1:57 PM,"Rabbit, eastern cottontail"
jpearl98,Julius Pearl,1,Finspång,6:43 PM,"Bear, american black"
rwhitlock99,Rafaelia Whitlock,2,Ostroróg,1:13 AM,"Monkey, vervet"
agronous9a,Anthia Gronous,3,Boston,6:45 PM,Ringtail
kcranfield9b,Karlene Cranfield,2,Tangchijie,12:50 PM,"Rabbit, eastern cottontail"
kle9c,Kacy Le - Count,3,Changgang,9:06 PM,"Camel, dromedary"
rbulley9d,Roshelle Bulley,1,Rana,1:04 PM,Black-tailed prairie dog
tbuist9e,Tuesday Buist,4,Luzhang,4:26 AM,Green-backed heron
cuttley9f,Clarinda Uttley,4,Bulawayo,1:52 PM,Racer snake
wraftery9g,Wat Raftery,2,Tsaghkahovit,2:11 PM,"Oryx, beisa"
cyair9h,Chery Yair,3,Gading,10:48 PM,Sage hen
abonsall9i,Alano Bonsall,3,Zhangxi,4:04 PM,Long-billed corella
apiperley9j,Anica Piperley,1,Krasiczyn,9:28 AM,Hummingbird (unidentified)
lrichings9k,Linus Richings,4,Uddevalla,7:54 PM,"Python, carpet"
scorton9l,Symon Corton,4,Bessonovka,3:01 AM,Green-backed heron
tcoppo9m,Tiffie Coppo,1,Zaraza,3:10 PM,"Turtle, snake-necked"
palbrook9n,Paco Albrook,2,Warungbuah,5:22 PM,Kongoni
vhubbart9o,Vicky Hubbart,4,Nawu,7:26 PM,"Phascogale, brush-tailed"
kcropton9p,Klarrisa Cropton,4,Taozhuang,9:34 AM,"Dragonfly, russian"
tpiddock9q,Tiff Piddock,3,Notre-Dame-de-l'Île-Perrot,4:44 AM,Chital
kbriereton9r,Katey Briereton,4,Postřelmov,6:23 AM,"Wombat, southern hairy-nosed"
jdeverille9s,Jeannette Deverille,3,Quatá,8:02 PM,"Lion, south american sea"
hlaundon9t,Herminia Laundon,2,Skarżysko-Kamienna,11:48 AM,Tiger
ycartmer9u,Yvon Cartmer,4,Eg,9:15 PM,Common turkey
nsavory9v,Nicky Savory,2,Katsuura,5:21 AM,"Ibis, glossy"
bstorrock9w,Barbabas Storrock,1,Biograd na Moru,4:14 AM,Northern phalarope
hkryszka9x,Hastie Kryszka,2,Sattahip,10:23 PM,Lesser masked weaver
cflageul9y,Charis Flageul,3,Bandeirantes,9:09 AM,"Admiral, indian red"
pjarrette9z,Pembroke Jarrette,4,Santa Monica,9:38 PM,"Flycatcher, tyrant"
mwardeswortha0,Maddie Wardesworth,3,Ciawitali,12:04 PM,Grey lourie
smillwatera1,Stormy Millwater,2,Hägersten,11:44 AM,"Vulture, king"
mtofpika2,Melloney Tofpik,1,Guadalupe,2:00 PM,Squirrel glider
dzapateroa3,Del Zapatero,4,Manggissari,8:47 AM,"Armadillo, seven-banded"
bcampsalla4,Bale Campsall,1,Atimonan,5:27 AM,Defassa waterbuck
dshortana5,Dosi Shortan,1,Padaran,2:42 PM,American beaver
mdraiseya6,Meris Draisey,4,Dul’durga,8:59 AM,Common langur
zlebourna7,Zorana Lebourn,2,Calvário,2:43 AM,Sun gazer
breveya8,Bettine Revey,2,Escola,2:44 PM,"Thrasher, curve-billed"
lgagesa9,Lorenzo Gages,3,Nybro,1:35 AM,"Coatimundi, white-nosed"
horthmannaa,Hale Orthmann,4,La Soledad,11:57 PM,"Bandicoot, long-nosed"
meaglandab,Marcelline Eagland,3,Albardón,1:52 PM,Pine snake (unidentified)
ekinvanac,Elisa Kinvan,4,Issad,6:21 AM,Common eland
trothertad,Tildy Rothert,1,Halden,4:38 AM,South American puma
mjewksae,Micky Jewks,4,Sabirabad,6:58 AM,White-rumped vulture
asivieraf,Abdul Sivier,3,Quimper,8:19 PM,"Goose, egyptian"
lkenwinag,Layney Kenwin,3,Petro-Slavyanka,3:13 AM,European badger
tcawsah,Tory Caws,4,Uchimaru,11:51 PM,Hudsonian godwit
ndominelliai,Nahum Dominelli,3,Kengkou,3:32 PM,"Grouse, sage"
bmcneillyaj,Betsy McNeilly,1,Montpellier,8:45 PM,"Whale, baleen"
bwheelanak,Bernete Wheelan,4,Lycksele,11:08 AM,Javanese cormorant
cgodsafeal,Celia Godsafe,4,Futang,9:11 PM,"Skink, blue-tongued"
fkiehlam,Fritz Kiehl,3,Tanudan,8:52 PM,"Antelope, roan"
cblairan,Clea Blair,2,Antopal’,1:08 AM,"Magpie, black-backed"
camiableao,Clem Amiable,3,Lérida,2:32 PM,"Hawk-eagle, crowned"
mvasentsovap,Mendy Vasentsov,2,Tursunzoda,7:56 PM,"Crow, house"
rplanqueaq,Rudd Planque,3,Teluksantong,2:02 PM,Ibex
edibenar,Eduard Diben,3,Gagarin,2:09 AM,"Wagtail, african pied"
ecopemanas,Edd Copeman,1,Zhangdun,2:27 AM,"Squirrel, grey-footed"
bfarmiloeat,Bethina Farmiloe,4,Ponte Nova,11:10 PM,Violet-crested turaco
msprossonau,Mellisa Sprosson,1,San Carlos,3:53 AM,"Nighthawk, common"
fmoxleyav,Flinn Moxley,1,Ludvika,12:04 AM,Giant girdled lizard
stolomeiaw,Sheilah Tolomei,4,Timrå,10:03 AM,Eurasian red squirrel
tkhominax,Tarra Khomin,4,Vojnić,9:26 AM,Komodo dragon
rinworthay,Rafaellle Inworth,2,Chipyela,10:58 AM,African pied wagtail
eproudlockaz,Elysee Proudlock,4,Krasnogorodskoye,12:38 AM,Alpaca
hcrowdsonb0,Hertha Crowdson,2,Huyuan,5:21 PM,"Squirrel, antelope ground"
lmeakingb1,Lindsey Meaking,1,Panyuran,10:35 PM,"Kangaroo, red"
aferruccib2,Anne Ferrucci,3,Sakule,4:54 PM,White-throated monitor
ndowreyb3,Nobie Dowrey,2,La Concepción,7:58 PM,"Phascogale, brush-tailed"
eparadineb4,Ericha Paradine,4,Ar Rawḑah,9:49 PM,Common grenadier
aheatherb5,Ash Heather,2,Riangblolong,6:02 AM,"Squirrel, smith's bush"
hsendleyb6,Hew Sendley,2,Banggel,9:26 AM,Uinta ground squirrel
lleekeb7,Lynnelle Leeke,3,Fatuhilik,5:30 PM,"Gecko, bent-toed"
gingolottib8,Gaston Ingolotti,3,Primošten,7:21 AM,Springbok
aloveladyb9,Almire Lovelady,3,Oemofa,2:31 PM,Golden-mantled ground squirrel
ekerssba,Enoch Kerss,1,Halton,11:27 PM,"Cormorant, pied"
gbridlebb,Georgeanne Bridle,1,Kalemie,11:21 PM,Red-winged blackbird
ecleimentbc,Elena Cleiment,1,Nong Bua Lamphu,1:47 PM,Common dolphin
nchalicebd,Neila Chalice,2,Sumurber,11:03 PM,"Kangaroo, western grey"
efeldmusbe,Ephrem Feldmus,2,Pristen’,4:04 AM,Frilled lizard
ppenberthybf,Padriac Penberthy,2,Bizana,10:26 AM,Prairie falcon
bboytonbg,Burton Boyton,2,Qukuhu,2:58 AM,"Stork, greater adjutant"
wlackingtonbh,Waverley Lackington,1,Qinglin,9:19 AM,Dusky gull
kshackesbybi,Kaitlynn Shackesby,2,Wailebe,2:20 PM,Common zorro
tkempbj,Trip Kemp,2,Czyżowice,2:53 PM,"Tamandua, southern"
rsavarybk,Reiko Savary,1,Ndélé,12:03 AM,Netted rock dragon
fjakoubecbl,Fredra Jakoubec,4,Surcubamba,11:42 AM,Australian spiny anteater
rosmondbm,Rudie Osmond,3,Manabo,1:01 AM,Cape clawless otter
jvilebn,Johanna Vile,4,Leigao,5:18 PM,"Kookaburra, laughing"
elearmonthbo,Emmalynn Learmonth,2,Loučovice,6:03 PM,Indian jackal
rgreenallbp,Raul Greenall,4,Tutut,10:07 AM,Bateleur eagle
fduinbletonbq,Fidole Duinbleton,3,Ādaži,9:10 PM,Greater sage grouse
vollebr,Vivien Olle,2,Mohammedia,11:13 PM,Northern elephant seal
adambrogiobs,Arny D'Ambrogio,4,Strängnäs,12:26 AM,Brown hyena
bgaulerbt,Barris Gauler,4,Xinhua,9:52 AM,"Tortoise, galapagos"
ljandourekbu,Leeanne Jandourek,2,Pakisaji,6:58 PM,Salmon pink bird eater tarantula
nchurchingbv,Neely Churching,1,Xinglong,3:39 AM,Chuckwalla
ycobellobw,Yevette Cobello,2,Bolaoit,4:47 PM,White-throated kingfisher
bhitscherbx,Brenn Hitscher,2,Chaves,5:44 AM,Red-cheeked cordon bleu
jyerillby,Johanna Yerill,2,Lagangilang,9:06 PM,Chimpanzee
agodrichbz,Ania Godrich,4,Igaraçu do Tietê,9:44 PM,Fairy penguin
ddearellc0,Dayna Dearell,3,Ponce,7:36 PM,House sparrow
swestripc1,Stanfield Westrip,4,Polonne,3:13 PM,"Lion, mountain"
lgleasanec2,Lou Gleasane,4,Manūjān,9:27 AM,Coqui francolin
kosannec3,Kelley Osanne,3,Namysłów,6:37 PM,"Heron, boat-billed"
dfreemantlec4,Dougie Freemantle,3,Sepulu,12:42 PM,Turtle (unidentified)
tcharnickc5,Tann Charnick,4,Karviná,8:01 PM,Arboral spiny rat
wkinchinc6,Warner Kinchin,1,Zhongling,11:01 PM,Tyrant flycatcher
dlissandrec7,Debbi Lissandre,2,Lamphun,2:08 AM,Spotted hyena
kdwightc8,Kipper Dwight,3,Huansheng,8:06 AM,Miner's cat
kbeetlestonec9,Karlan Beetlestone,2,Miki,12:48 PM,Little blue penguin
nconnarca,Nikoletta Connar,1,Shanghu,3:21 AM,Snake-necked turtle
fmcquiecb,Farah McQuie,3,Gonghe,2:46 PM,White-throated robin
cmeldoncc,Courtnay Meldon,2,Hovorany,4:47 PM,Desert spiny lizard
sdunningcd,Shaw Dunning,3,Al Ḩajar al Aswad,2:53 PM,"Owl, madagascar hawk"
bpachtce,Betti Pacht,4,Boden,11:34 PM,Mexican beaded lizard
mpringourcf,Minnnie Pringour,3,Järfälla,3:37 PM,"Starling, red-shouldered glossy"
lbeneycg,Lauryn Beney,4,Pinayagan Norte,4:47 PM,European red squirrel
bendch,Bank End,2,Santa Rosa de Cabal,12:15 AM,Black-capped capuchin
naldingtonci,Nerissa Aldington,4,Parreira,11:07 AM,Caribou
tpennigarcj,Tobey Pennigar,2,Guazapa,4:30 AM,"Possum, golden brush-tailed"
lthemannck,Lorrie Themann,4,Obanazawa,5:14 AM,Pallas's fish eagle
fkrellecl,Farley Krelle,1,Novovoronezh,1:52 PM,Southern brown bandicoot
earingtoncm,Emera Arington,4,Nikulino,9:14 PM,"Quoll, eastern"
ggoultercn,Gan Goulter,4,Sanshengyuan,9:30 PM,Ringtail cat
trubensco,Thatcher Rubens,4,Ljubešćica,2:57 AM,"Hawk, galapagos"
gcoltencp,Garrek Colten,3,Arevshat,8:37 PM,"Deer, roe"
memtagecq,Minnaminnie Emtage,1,Da Nang,2:55 PM,Red-breasted cockatoo
mfellowcr,Marlo Fellow,4,Wukang,7:26 AM,"Python, carpet"
pwolfercs,Pascal Wolfer,1,Ovsyanka,2:28 PM,"Alligator, mississippi"
edalgetyct,Eben Dalgety,3,Changning,6:56 AM,"Stork, european"
bstouthercu,Briano Stouther,4,Gereykhanovskoye,5:53 PM,"Falcon, prairie"
dstorkescv,Duane Storkes,2,Morón,8:22 PM,Greylag goose
dgainescw,Dierdre Gaines,3,København,2:56 PM,Roseate cockatoo
ctolputtcx,Claudell Tolputt,3,Gigant,12:54 PM,Silver-backed jackal
cgolbycy,Corrinne Golby,4,Nässjö,4:20 AM,American bighorn sheep
atierycz,Armstrong Tiery,3,Qiakeri,3:32 AM,Eurasian badger
rodelld0,Roosevelt Odell,1,Stockholm,3:41 AM,Rainbow lory
ablackwayd1,Adolph Blackway,3,Wujian,2:42 PM,Netted rock dragon
vharryd2,Vinni Harry,2,Ponte,5:54 AM,"Darter, african"
aringhamd3,Alvie Ringham,2,Maguling,3:57 AM,"Roadrunner, greater"
abreawoodd4,Arabela Breawood,1,Capulaan,2:29 AM,"Phalarope, red"
hkynvind5,Henri Kynvin,1,Blawi,6:48 AM,"Boubou, southern"
rmulcahyd6,Rowe Mulcahy,2,Reinaldes,12:51 AM,Crowned hawk-eagle
cpayled7,Costanza Payle,3,Dongzhaogezhuang,1:02 PM,River wallaby
gschildd8,Glenna Schild,4,Ondoy,1:02 PM,House sparrow
bcammocked9,Bone Cammocke,2,Cerro Blanco,11:26 PM,"Raccoon, common"
dschultheissda,Danila Schultheiss,4,Bāniyās,3:36 PM,Eastern indigo snake
ddidb,Doug Di Carlo,3,Pulau Tiga,8:35 PM,"Drongo, fork-tailed"
atrumbledc,Adrien Trumble,1,Przesmyki,10:12 AM,"Weaver, red-billed buffalo"
bteodoridd,Bernadette Teodori,3,Cojata,8:06 PM,Sockeye salmon
ehaywardde,Edin Hayward,3,Yangshuo,4:45 PM,"Squirrel, smith's bush"
dsharpedf,Darnall Sharpe,3,Feitoria,2:44 PM,Scarlet macaw
clawliedg,Corrie Lawlie,4,Askersund,6:45 PM,"Lion, california sea"
mvarlowdh,Mollie Varlow,2,El Charco,1:32 PM,"Quoll, eastern"
rviolletdi,Rosaleen Viollet,4,Vale de Figueira,11:19 AM,Western patch-nosed snake
aromagosadj,Anastassia Romagosa,3,Tirana,2:44 AM,"Hoopoe, eurasian"
dmasdindk,Doe Masdin,2,Zoushi,11:16 AM,Blackish oystercatcher
ataplowdl,Angelica Taplow,1,Xinxu,1:57 PM,South American puma
kiiannonedm,Kassia Iiannone,3,Kogota,9:58 AM,White-bellied sea eagle
abroundn,Adriana Broun,4,Irará,1:29 PM,Blue-tongued lizard
brymilldo,Bartolemo Rymill,4,Tögrög,7:56 AM,Red and blue macaw
mgerattdp,Mile Geratt,2,Aracati,4:01 PM,American beaver
jconwaydq,Jeanna Conway,1,Luleå,3:46 AM,African pied wagtail
psmidmoordr,Patin Smidmoor,4,Khondāb,10:56 AM,Black and white colobus
yrousds,Yorker Rous,1,Guacara,2:18 AM,"Squirrel, smith's bush"
ncarsondt,Nerte Carson,1,Takanosu,8:04 PM,"Owl, snowy"
dduhamdu,Dimitri Duham,2,Foundiougne,11:31 AM,Ground monitor (unidentified)
ctrenowethdv,Chev Trenoweth,1,Descalvado,12:49 AM,"Lemur, grey mouse"
tmendeldw,Tiffanie Mendel,1,Zainsk,4:18 PM,Serval
cmcluckydx,Calli McLucky,3,Quezalguaque,10:09 AM,"Tern, white-winged"
tleningdy,Trefor Lening,1,Jiyukou,3:12 PM,"Heron, gray"
sreussdz,Spenser Reuss,2,Lagodekhi,12:51 PM,Crab (unidentified)
skelceye0,Sibilla Kelcey,4,Sishiba,4:21 PM,Puku
afilipputtie1,Abbe Filipputti,3,Totora,1:10 PM,"Crane, stanley"
mketchelle2,Mella Ketchell,2,Xiadian,1:36 PM,Levaillant's barbet
plakine3,Pavla Lakin,1,Vaitape,1:50 PM,"Crane, brolga"
beckharde4,Barb Eckhard,2,Hukvaldy,8:48 PM,Ringtail cat
hskippe5,Hyacinthe Skipp,3,General La Madrid,1:46 AM,"Dog, bush"
kgreenstede6,Klarrisa Greensted,2,Villaguay,9:19 AM,"Lorikeet, scaly-breasted"
gpottee7,Gideon Potte,1,Ledok,7:24 PM,Argalis
hhumphriese8,Humfrey Humphries,1,Dawan,11:16 PM,Indian giant squirrel
ccollecotte9,Calvin Collecott,3,Jiangjing,8:18 AM,"Wombat, southern hairy-nosed"
vcorringtonea,Vernen Corrington,3,Sarilhos Grandes,8:53 PM,"Snake, racer"
pellameb,Philippe Ellam,4,Richky,11:30 AM,Lapwing (unidentified)
kmerrillec,Kev Merrill,1,Mpraeso,1:48 AM,White-browed owl
jperullied,Jeanelle Perulli,1,Ankazoabo,8:31 AM,Ring-necked pheasant
ldungeeee,Loraine Dungee,3,Burqah,11:31 PM,Canada goose
mgoodboddyef,Meredith Goodboddy,3,Gubengairlangga,1:29 PM,Tiger
lantognettieg,Lindon Antognetti,1,Zhongxiang,5:01 AM,American crow
vgoudgeeh,Von Goudge,3,Shimen,10:24 AM,"Hyena, striped"
dbonhomeei,Denny Bonhome,2,Lamawalang,3:35 PM,Canada goose
gcislandej,Gabriell Cisland,4,Baldone,6:31 AM,Red-necked wallaby
ljeandelek,Lydia Jeandel,3,Milton,1:05 PM,"Shrew, mandras tree"
talgerel,Trude Alger,2,Kangmei,4:11 AM,"Crane, sandhill"
gspellessyem,Gina Spellessy,2,Narail,1:46 AM,Southern boubou
cgilbanksen,Colas Gilbanks,3,Diavatá,3:05 AM,Black-capped chickadee
aormstoneo,Aurea Ormston,2,Opaka,12:54 AM,Red kangaroo
dcoulterep,Desiree Coulter,1,Taraju,3:28 PM,"Pintail, bahama"
lashbeeq,Loleta Ashbe,1,Viale,3:54 AM,"Tortoise, indian star"
rashtoner,Robert Ashton,4,Liuqu,7:42 AM,Bat-eared fox
sbemmentes,Silva Bemment,1,Tilmi,4:10 AM,European shelduck
lhapperet,Lester Happer,3,Ngala,7:27 PM,"Fox, arctic"
yenevoldeu,Yardley Enevold,4,Tabālah,6:07 PM,"Elephant, asian"
ltweedyev,Larry Tweedy,3,Buraen,2:37 AM,Chestnut weaver
mvaunew,Margaux Vaun,1,Jinbo,5:21 AM,"Shrike, common boubou"
cdearthex,Clim Dearth,1,Stettler,10:18 PM,Gaur
efelthamey,Evangelina Feltham,2,Tramandaí,6:32 PM,Arctic ground squirrel
hvedekhinez,Harriott Vedekhin,2,Meia Via,2:01 PM,"Sloth, hoffman's"
nmacguffogf0,Neron MacGuffog,1,Cordova,7:01 PM,"Bird, pied butcher"
raiskriggf1,Rosalie Aiskrigg,3,Midland,4:51 PM,Fork-tailed drongo
gbrownhillf2,Gerald Brownhill,1,Morez,7:27 PM,"Bleu, blue-breasted cordon"
dirnisf3,Dalila Irnis,3,Kugesi,5:49 PM,"Nutcracker, clark's"
rstandonf4,Roselle Standon,4,Cigaras,5:33 PM,"Gnu, brindled"
aelcumf5,Addia Elcum,3,Caen,3:45 AM,"Dragon, asian water"
mcutforthf6,Maighdiln Cutforth,3,Vista Hermosa,2:56 AM,Suricate
cglavef7,Corey Glave,1,Huizhou,4:56 PM,African clawless otter
cburkillf8,Carolynn Burkill,3,Mundri,4:35 AM,Koala
tferiaf9,Thomasine Feria,4,Reitoca,3:02 AM,Nelson ground squirrel
vhowfa,Viki How to preserve,4,Edéa,7:27 AM,Blue crane
sdenisyevfb,Stuart Denisyev,2,Hecun,10:47 PM,"Jackal, golden"
aelizabethfc,Ariana Elizabeth,2,Sebu,11:10 PM,American black bear
ataskerfd,Agata Tasker,3,Yufa,5:28 PM,"Macaque, rhesus"
mdallewaterfe,Mark Dallewater,2,Lemahputih,1:46 PM,Grey-footed squirrel
gmccrumff,Giraldo McCrum,4,Cibinong,6:07 AM,"Heron, striated"
ttenantfg,Tony Tenant,2,Elbasan,6:56 PM,"Lapwing, southern"
spaulischfh,Stefan Paulisch,2,Maras,11:02 AM,Horned rattlesnake
wlakeyfi,Whitby Lakey,2,San Pedro,5:03 AM,"Starling, cape"
psellickfj,Paolina Sellick,3,Longwood,11:17 PM,"Baboon, chacma"
ssnalomfk,Stormie Snalom,1,Spirovo,8:13 AM,Sun gazer
smiskenfl,Sibyl Misken,4,Rogongon,6:27 PM,Ferruginous hawk
tlakefm,Thedrick Lake,1,Viimsi,2:15 AM,"Goose, andean"
wcrasswellerfn,Waylan Crassweller,1,Ashibetsu,7:52 PM,Scaly-breasted lorikeet
dmckewfo,Dael McKew,3,São Pedro do Estoril,12:04 AM,"Kookaburra, laughing"
bjosilevichfp,Beryl Josilevich,3,Floreşti,5:40 AM,Comb duck
rficklingfq,Rita Fickling,4,Ketapang,6:00 AM,Four-spotted skimmer
htappinfr,Humfrid Tappin,4,Łapczyca,11:51 PM,Asian foreset tortoise
medgeworthfs,Martin Edgeworth,3,Heshan,4:26 AM,Black-backed magpie
amcdonnellft,Ally McDonnell,2,Kobylanka,8:17 PM,"Buffalo, african"
rmcneicefu,Ricoriki McNeice,2,Amapala,1:15 AM,Brown lemur
apuryfv,Aguste Pury,2,Pokrovskoye-Streshnëvo,10:11 AM,"Gonolek, burchell's"
bmongenotfw,Barbette Mongenot,3,Campamento,10:02 PM,Common melba finch
jdehnfx,Jackqueline Dehn,4,Xianghua,4:02 AM,Tarantula
middonsfy,Morganica Iddons,2,Joyabaj,9:00 AM,"Sloth, two-toed"
ggunthorpfz,Granger Gunthorp,2,Lantang,3:16 PM,"Partridge, coqui"
dtassakerg0,Delmore Tassaker,2,Uromi,8:34 AM,"Stork, marabou"
gcharrettg1,Gretal Charrett,3,Bordeaux,7:57 AM,Swallow (unidentified)
creinersg2,Chrissy Reiners,2,Cabinda,5:49 PM,Stone sheep
sghidottig3,Sally Ghidotti,4,Broska,6:37 PM,"Hyena, brown"
bextilg4,Baily Extil,2,Portland,11:23 PM,Large-eared bushbaby
sbeng5,Sibbie Ben,3,Tubod,3:57 PM,Black-collared barbet
mbubbingsg6,Megen Bubbings,3,Prey Veng,5:24 PM,Peregrine falcon
delmerg7,Dianne Elmer,1,Glagahdowo,12:14 AM,Cheetah
drustichg8,Dredi Rustich,2,Limbuhan,11:05 PM,"Penguin, galapagos"
fsimioneg9,Field Simione,1,Bang Phlat,2:58 AM,Snake (unidentified)
cnajafianga,Carolina Najafian,4,Venlo,1:22 PM,Sockeye salmon
aharsegb,Angelique Harse,4,Kitchener,3:55 AM,Pronghorn
gartingc,Gustavo Artin,2,Dongkeng,8:18 AM,"Squirrel, palm"
starbardgd,Shay Tarbard,4,Gontar,6:28 PM,Oriental white-backed vulture
cissacoffge,Cornall Issacoff,3,Jiulong,8:46 PM,Red-legged pademelon
aolczakgf,Alva Olczak,1,Darungan,10:16 PM,Alpaca
imilillogg,Iago Milillo,1,Yumani,2:17 AM,White-necked stork
cbaudtsgh,Carol Baudts,3,Kibondo,4:15 AM,"Seal, northern fur"
gdolesgi,Genny Doles,3,Robīt,1:39 AM,Mexican wolf
laselgj,Lacie Asel,4,Las Vegas,2:27 PM,"Robin, kalahari scrub"
pbrickettgk,Paulie Brickett,3,San Vicente,10:32 PM,Common goldeneye
acaygillgl,Arne Caygill,3,Polýkastro,11:16 AM,"Elephant, african"
mcaskeygm,Morty Caskey,3,Azua,4:10 PM,Ground monitor (unidentified)
jbirdgn,Jania Bird,3,Yong’an,4:27 AM,Dusky rattlesnake
rlangshawgo,Roy Langshaw,2,Bulupayung,7:46 PM,Ring-tailed gecko
mibbetsongp,Moss Ibbetson,1,Noyon,5:42 AM,Bahama pintail
ksandwithgq,Kale Sandwith,4,Kojagete,8:45 PM,Knob-nosed goose
awildinggr,Alain Wilding,2,Ayna,2:28 AM,Swamp deer
aminardsgs,Adella Minards,3,Baleagung,9:51 AM,Galapagos albatross
mtutchellgt,Marten Tutchell,3,Palestina de los Altos,12:57 PM,"Brocket, brown"
esouthwoodgu,Elle Southwood,2,Bremen,3:51 PM,Brolga crane
acattongv,Augusta Catton,3,Montería,4:24 AM,Horned lark
nkeerigw,Norbert Keeri,4,Al Ḩumaydāt,7:25 PM,"Kangaroo, eastern grey"
bcossellgx,Ben Cossell,4,Lesichevo,3:08 AM,"Pigeon, feral rock"
rpenrithgy,Robb Penrith,1,Casais,8:55 AM,Giant armadillo
vsudrangz,Vaclav Sudran,4,Cicayur,7:49 PM,American crow
galexandreh0,Georgeanne Alexandre,2,Philadelphia,9:25 PM,Red deer
hdeeksh1,Hester Deeks,4,Taipingxu,5:28 AM,"Seal, northern elephant"
oarnasonh2,Obadias Arnason,3,Danxi,6:41 PM,Knob-nosed goose
raldersleyh3,Rollo Aldersley,1,Shakhun’ya,6:26 AM,American alligator
jwhyborneh4,Josselyn Whyborne,1,Stockholm,12:39 PM,North American porcupine
cfritchleyh5,Cilka Fritchley,1,Villarrica,4:10 AM,"Tortoise, galapagos"
hupsaleh6,Herby Upsale,1,Candelaria,5:47 AM,"Bird, bare-faced go away"
fdeh7,Fidel De La Coste,3,Regla,11:51 AM,"Flamingo, lesser"
hmagneh8,Hube Magne,3,Maiduguri,1:32 PM,Kinkajou
cjelleyh9,Clayton Jelley,1,Villa Allende,7:43 PM,"Dolphin, common"
cludlamha,Cleve Ludlam,2,Kubanskiy,6:58 PM,Sarus crane
tegdalhb,Taffy Egdal,2,Padangcermin,9:50 AM,"Coatimundi, white-nosed"
mjacophc,Matthew Jacop,1,Talitsa,7:58 AM,"Lechwe, kafue flats"
csabatierhd,Carita Sabatier,3,Rozhnyativ,1:41 PM,"Cormorant, little"
xcleeveshe,Ximenez Cleeves,2,San Pablo,8:34 PM,"Cat, long-tailed spotted"
ibotwoodhf,Ilka Botwood,1,Mekarjaya,12:31 PM,Ground monitor (unidentified)
rmcharryhg,Ross McHarry,1,Tibillo,1:02 AM,"Coatimundi, white-nosed"
lmartignonihh,Lucille Martignoni,2,Heemstede,6:11 PM,"Tinamou, elegant crested"
eezzlehi,Emlynne Ezzle,3,Al ‘Ashshah,8:31 AM,"Kangaroo, jungle"
tboatmanhj,Trever Boatman,3,Baquero Norte,1:06 PM,Chimpanzee
jgorellihk,Joy Gorelli,4,Mora,2:16 AM,"Rattlesnake, horned"
gpeddowehl,Gabbie Peddowe,1,Sumurasin,2:53 PM,Red-legged pademelon
hmatheyhm,Hildy Mathey,2,Wisła,6:18 AM,"Snake, carpet"
lledamunhn,Lukas Ledamun,3,Ostuncalco,6:01 PM,Openbill stork
njarnellho,Nanette Jarnell,1,Mori,10:17 AM,"Otter, cape clawless"
tklousnerhp,Tabor Klousner,2,Doumen,1:48 PM,Worm snake (unidentified)
genrigohq,Gwynne Enrigo,1,Kayakent,6:06 AM,"Quoll, spotted-tailed"
nspilletthr,Nyssa Spillett,4,Itzig,7:19 PM,Bald eagle
mpudenhs,Merna Puden,3,Nakasongola,3:52 AM,White-headed vulture
tpeeryht,Tiena Peery,1,Višnjićevo,9:02 PM,Kelp gull
rbaskeyfiedhu,Rollin Baskeyfied,1,Dongping,3:28 PM,"Hyena, striped"
tofferhv,Travers Offer,3,Iksan,1:57 AM,"Bird, magnificent frigate"
linglefieldhw,Lorrie Inglefield,3,Quchanghī,7:12 PM,Two-banded monitor
cmorhallhx,Chane Morhall,2,Abbeville,4:05 AM,Gelada baboon
gchaudronhy,Gordon Chaudron,1,Tiedonglu,6:43 AM,Netted rock dragon
jwaldenhz,Julianne Walden,2,Zhengmo,3:48 AM,Horned rattlesnake
ewhykei0,Eberhard Whyke,3,Kalatongke,11:28 AM,Brazilian tapir
hbaikei1,Hali Baike,4,Klyuchevsk,8:19 PM,"Sloth, pale-throated three-toed"
glairdi2,Germain Laird,3,Chão,8:02 AM,"Wallaby, euro"
mcoburni3,Melony Coburn,2,Gaoshi,4:58 AM,"Hornbill, leadbeateri's ground"
mdarlingi4,Mike Darling,2,São Sebastião,6:59 PM,Bohor reedbuck
jdreusi5,Jehanna Dreus,2,Kunčina,11:15 PM,"Lizard, frilled"
nrameleti6,Nan Ramelet,1,Bahaodi,2:33 PM,Glossy ibis
aeliffi7,Andreana Eliff,2,Rukunlima Bawah,3:44 AM,North American river otter
dcarlowi8,Dara Carlow,1,Cergy-Pontoise,10:35 AM,"Sheep, red"
eyewdalli9,Erminie Yewdall,2,Barcelona,12:17 PM,Asian openbill
apanksia,Andromache Panks,4,Jatiprahu,12:11 PM,European stork
rtrobeyib,Ric Trobey,4,La Mohammedia,10:25 AM,"Plover, three-banded"
cwatkissic,Costanza Watkiss,1,Kyaikkami,4:02 AM,"Skunk, striped"
drhucroftid,Donielle Rhucroft,1,Wilcza,4:09 PM,Ovenbird
bfowkesie,Brook Fowkes,1,Prigrevica,2:58 AM,Gerbil (unidentified)
gkinnochif,Gwenni Kinnoch,1,Yungaisi,7:12 PM,Crested barbet
sozintsevig,Sharron Ozintsev,3,Severskaya,6:20 AM,Black-cheeked waxbill
pzellickih,Polly Zellick,4,Cunday,7:56 AM,"Tarantula, salmon pink bird eater"
laustinii,Lance Austin,3,Aconibe,4:15 PM,Sacred ibis
gpennycockij,Gerald Pennycock,3,Hexi,6:01 PM,"Crane, blue"
fpagdenik,Fabio Pagden,4,Pontal,10:19 AM,Horned rattlesnake
fbrosekeil,Frederique Broseke,2,Rokoy,12:22 AM,Ground monitor (unidentified)
wvanim,Woodman Van Hesteren,1,Sarapul,6:40 PM,"Squirrel, smith's bush"
fbickerstethin,Filippo Bickersteth,1,Demuk,1:57 AM,"Raven, white-necked"
aflohardio,Anna Flohard,1,Chadong,1:51 AM,Crowned eagle
gvarrenip,Gage Varren,2,Barabedang,1:17 PM,Malachite kingfisher
lpilipyakiq,Lavina Pilipyak,3,Pisões,11:08 PM,Pampa gray fox
jspellingir,Justinn Spelling,3,Logan Lake,1:18 AM,Collared peccary
ahallstoneis,Anjanette Hallstone,2,San Rafael,7:24 PM,Dusky gull
sstockleit,Shani Stockle,2,Tamel,9:36 AM,Yellow-crowned night heron
dwageriu,D'arcy Wager,1,Pameungpeuk,6:57 PM,Bottle-nose dolphin
zaughtoniv,Zena Aughton,1,Novyye Gorki,9:14 PM,"Lemur, ring-tailed"
kbosmaiw,Kati Bosma,1,Tanjung Kidul,5:52 PM,Reindeer
adarwenix,Ardys Darwen,4,San Miguel,1:26 AM,Blue duck
jnoddlesiy,Joellen Noddles,2,N'Djamena,12:04 PM,Blue crane
agaishsoniz,Alfred Gaishson,3,Aristóbulo del Valle,11:52 PM,Radiated tortoise
wabellsj0,Winni Abells,3,Sendafa,5:36 AM,Cape starling
scorderj1,Shea Corder,3,Delmas,2:05 AM,"Otter, north american river"
druddockj2,Devonna Ruddock,2,Dibba Al-Fujairah,2:57 PM,Ring-tailed gecko
acoppj3,Allayne Copp,1,Hernández,8:29 PM,"Mongoose, small indian"
iloransj4,Ivar Lorans,3,Surkhet,9:28 AM,"Moccasin, water"
echarkej5,Esme Charke,4,Xiangyun,2:38 AM,Springbok
ggagesj6,Gibbie Gages,2,Bongandanga,12:47 AM,"Rhinoceros, square-lipped"
cnoltej7,Callie Nolte,2,Campina Grande,3:07 PM,Crab-eating raccoon
evanyukovj8,Ella Vanyukov,1,Bolnisi,8:11 PM,White-bellied sea eagle
smctrusteyj9,Salem McTrustey,4,Suohe,11:16 AM,"Weaver, red-billed buffalo"
jantonognolija,Josy Antonognoli,2,Aigínio,8:10 AM,Black-backed jackal
gbuxtonjb,Granger Buxton,3,Lengkeng,12:12 AM,"Peacock, indian"
nantoschjc,Nixie Antosch,1,Kontagora,7:06 PM,Tammar wallaby
hsiblyjd,Horst Sibly,2,Kobylanka,5:10 PM,"Cow, scottish highland"
fleje,Fenelia Le Marquis,1,Atouguia,8:35 PM,Grey-footed squirrel
tdulantyjf,Talyah Dulanty,1,Liqiao,5:07 AM,Tokay gecko
khodgenjg,Kiah Hodgen,3,Kendal,9:08 AM,Northern elephant seal
ithewsjh,Issy Thews,3,Colonia Wanda,10:47 AM,"Partridge, coqui"
dhaithji,Dwayne Haith,4,Pinamalayan,1:11 PM,"Cliffchat, mocking"
ffleuryjj,Fayina Fleury,2,Xilian,4:07 PM,"Gull, pacific"
haldayjk,Herrick Alday,2,Nanxia,2:24 AM,"Dragon, ornate rock"
ayarrowjl,Andras Yarrow,2,Vạn Giã,7:58 AM,Puma
dlourensjm,Domeniga Lourens,2,Gobernador Ingeniero Valentín Virasoro,8:36 PM,"Armadillo, common long-nosed"
fwhitemanjn,Flora Whiteman,1,Stockholm,1:55 PM,Snowy egret
eelsonjo,Elene Elson,3,Nesebar,5:24 PM,Black rhinoceros
crainsdenjp,Chilton Rainsden,3,Huayuan,11:16 AM,Pine squirrel
jcoupejq,Jeff Coupe,1,Gaimán,8:07 PM,Tree porcupine
scainesjr,Sheff Caines,1,Wangunsari,11:32 PM,Swainson's francolin
npetracekjs,Noby Petracek,1,Muheza,5:52 PM,"Bear, american black"
vmelbournjt,Val Melbourn,2,Erling,1:08 PM,Ground legaan
kpopplestoneju,Kelley Popplestone,4,Monte Redondo,3:36 AM,Canada goose
alembckejv,Alicea Lembcke,2,Haodi,12:10 PM,"Lemur, lesser mouse"
bzavattierojw,Beryl Zavattiero,2,Energodar,9:34 AM,"Fox, blue"
adijx,Adore Di Franceschi,4,Huaping,10:42 PM,Green-winged macaw
jclarsonjy,Jsandye Clarson,2,Likhobory,12:01 AM,Feathertail glider
mrijkeseisjz,Meade Rijkeseis,4,Las Lomas,7:13 PM,Koala
dlanferek0,Damaris Lanfere,4,Ganyesa,2:55 AM,"Badger, honey"
mbleasdalek1,Martina Bleasdale,1,Tataouine,10:12 AM,Black-cheeked waxbill
agodsellk2,Alleen Godsell,1,Zagreb - Centar,7:42 AM,Old world fruit bat (unidentified)
tkeeblek3,Torrie Keeble,3,Medeiros Neto,7:47 PM,North American porcupine
gtrudgiank4,Gabriellia Trudgian,3,Hecheng,4:26 PM,Jaguarundi
aharrowellk5,Alina Harrowell,1,Companhia de Baixo,3:26 PM,Javanese cormorant
jcahanik6,Juliane Cahani,2,Dalong,2:49 PM,"Drongo, fork-tailed"
gcousenk7,Gabbi Cousen,3,Onzaga,11:26 AM,Cape wild cat
kcolviek8,Kattie Colvie,2,Kąty Wrocławskie,3:24 AM,Silver gull
pschusterk9,Prudi Schuster,2,Dijon,8:26 PM,"Beaver, american"
iwaythingka,Isador Waything,1,Chilecito,4:31 PM,Indian star tortoise
caleksankovkb,Charlton Aleksankov,3,Piekielnik,11:33 AM,"Spurfowl, yellow-necked"
rclelandkc,Rhett Cleland,2,Mulchén,9:17 AM,"Weaver, white-browed sparrow"
aedmandkd,Amaleta Edmand,1,Липково,5:53 AM,"Gecko, tokay"
aacombke,Aggy Acomb,2,Zhulin,1:17 AM,Roe deer
jixerkf,Josey Ixer,4,Ar Rawḑah,4:32 AM,Red brocket
ktripekg,Kort Tripe,3,Belozërskoye,7:16 PM,"Genet, small-spotted"
sinwoodkh,Starlin Inwood,4,Nevyts’ke,5:00 PM,White-throated toucan
lmanifieldki,Leonie Manifield,4,Dulce Nombre de Culmí,4:19 PM,Four-horned antelope
sglasscottkj,Stacee Glasscott,3,Krasica,11:48 PM,Numbat
ebrimicombekk,Esdras Brimicombe,1,Xuezhen,7:40 AM,"Dove, laughing"
dbowerkl,Donall Bower,1,Renyi,1:57 AM,Long-finned pilot whale
nstuckleykm,Noble Stuckley,2,Ōmuta,5:09 PM,Cape wild cat
gmattiazzokn,Glynis Mattiazzo,4,Gandu,6:36 AM,"Cat, african wild"
rkingstneko,Roth Kingstne,1,Apitong,1:05 PM,Rock dove
cpiegromekp,Chilton Piegrome,1,San José de Colinas,5:04 PM,"Vulture, king"
cholburnkq,Cristionna Holburn,2,Býšť,4:17 AM,"Armadillo, common long-nosed"
fpadsonkr,Friedrick Padson,1,Jiajiaying,9:39 PM,Black-crowned night heron
adyshartks,Aubrette Dyshart,4,Cimanggu,7:19 AM,White-bellied sea eagle
dslydekt,Darcie Slyde,4,Smyków,1:43 PM,"Waxbill, violet-eared"
dstoppardku,Dione Stoppard,2,Itaquaquecetuba,4:00 AM,"Kingfisher, malachite"
jguerrerukv,Jessika Guerreru,1,Bobrovka,7:52 PM,"Otter, brazilian"
edavidofkw,Eldridge Davidof,3,Shklo,10:22 PM,"Mongoose, small indian"
nprandonikx,Norah Prandoni,2,Nazca,9:23 PM,Collared lizard
agunnellky,Auroora Gunnell,3,Cagmanaba,2:48 PM,Puku
mpolglasekz,Morganica Polglase,1,Karanyowka,5:18 PM,"Squirrel, palm"
cebsworthl0,Casar Ebsworth,1,Bahay Pare,2:51 AM,"Wallaby, river"
evuittetl1,Ermanno Vuittet,1,Detchino,9:13 AM,"Buffalo, african"
cmctaguel2,Cacilia McTague,3,Maszewo Duże,10:35 AM,Superb starling
bboardsl3,Basil Boards,1,Qorovulbozor,3:20 AM,"Viper, egyptian"
cmckibbinl4,Christiana McKibbin,4,Suwaru,3:15 PM,"Sheep, american bighorn"
caringtonl5,Collie Arington,4,Dūst Moḩammad Khān,5:15 AM,"Elephant, asian"
mbennoel6,Mitzi Bennoe,1,Ikaalinen,2:22 AM,"Flicker, campo"
kferraol7,Kai Ferrao,3,Hanjiaji,3:18 AM,Magnificent frigate bird
vshewonl8,Valentine Shewon,2,Bromont,3:49 AM,"Armadillo, giant"
amalshingerl9,Aubrie Malshinger,3,Sukmoilang,3:00 AM,Yak
edibenla,Elissa Diben,3,Balindong,7:20 PM,African jacana
phabbijamlb,Perkin Habbijam,4,Tlogotunggal,3:08 PM,"Crow, pied"
lswordlc,Lory Sword,2,Beloostrov,1:56 AM,"Puma, south american"
mhedmanld,Maiga Hedman,2,Trzin,3:02 AM,Richardson's ground squirrel
cdeile,Cissiee Dei,2,Del Valle,9:54 AM,River wallaby
bcordeslf,Brittney Cordes,4,Paris 01,6:42 AM,"Starling, greater blue-eared"
kgiblettlg,Kennith Giblett,4,Hangbu,6:13 PM,"Toucan, white-throated"
esallinglh,Elwood Salling,1,Maicao,7:44 PM,"Dragon, frilled"
ctryli,Chuck Try,3,San Isidro,7:26 PM,"Flycatcher, tyrant"
hklimkowskilj,Hatty Klimkowski,2,Quintães,11:28 AM,Oribi
vbearelk,Vincents Beare,4,Puerto Mayor Otaño,10:45 AM,Buttermilk snake
xleemanll,Xylina Leeman,3,Matanza,2:35 AM,Roseat flamingo
tbeneslm,Tobe Benes,1,Malvinas Argentinas,7:43 PM,Green-winged macaw
nravenshawln,Ninnette Ravenshaw,1,Žirovnica,11:06 PM,Rufous-collared sparrow
lledramlo,Leodora Ledram,1,Rafael Perazza,6:44 PM,"Jackal, black-backed"
gwaszczyklp,Gaspard Waszczyk,1,Niort,10:50 PM,"Stork, greater adjutant"
sfearensidelq,Sargent Fearenside,1,Daleman,10:25 AM,"Wapiti, elk,"
jbarensenlr,Jase Barensen,1,Ibarreta,4:58 PM,"Cat, jungle"
espratleyls,Elspeth Spratley,2,Shaxi,12:34 PM,Kori bustard
zpaxfordelt,Zola Paxforde,1,Cochabamba,2:07 AM,Ring-tailed gecko
awadlylu,Anatol Wadly,2,Sidamukti,7:28 AM,"Cat, native"
rcawleylv,Raquel Cawley,1,Amparafaravola,8:37 AM,"Crake, african black"
tblakemanlw,Timmy Blakeman,1,Angoulême,7:52 AM,"Lion, south american sea"
dforryanlx,Dorisa Forryan,4,Miharu,3:19 PM,"Godwit, hudsonian"
jskippingly,Johnathon Skipping,3,Trail,3:28 PM,Vicuna
rdallinderlz,Rutherford Dallinder,3,El Progreso,3:49 AM,Common turkey
sashmolem0,Selestina Ashmole,3,Borås,3:00 AM,"Trumpeter, green-winged"
hbyrem1,Harli Byre,2,Mao,7:51 PM,American black bear
gfredianim2,Gabriela Frediani,4,Smārde,6:25 AM,Blue and gold macaw
eheazelm3,Elyn Heazel,4,Paccho,2:26 AM,Gray rhea
lanneym4,Lynnett Anney,1,Ajoyani,10:02 AM,Bottle-nose dolphin
ahairyesm5,Andros Hairyes,2,Bangbayang,8:07 PM,Rufous-collared sparrow
rrodenhurstm6,Rodrique Rodenhurst,3,Rzeczenica,6:17 PM,"Loris, slender"
uperksm7,Urbano Perks,2,Tranca,1:11 AM,Greater sage grouse
nsinneym8,Nicola Sinney,3,Ariquemes,3:52 AM,Cheetah
cmingauldm9,Cyrill Mingauld,3,Longguang,3:19 AM,Tropical buckeye butterfly
acordiema,Allyn Cordie,3,Bagé,6:37 AM,Andean goose
aeakleemb,Arlina Eaklee,4,Peruíbe,2:34 PM,"Flamingo, roseat"
zbaertmc,Zorana Baert,1,Huyunxiang,11:55 AM,Miner's cat
ldispencermd,Lonee Dispencer,2,Catanduva,9:06 PM,"Kangaroo, brush-tailed rat"
ekovacsme,Elana Kovacs,2,Mariscala,11:22 AM,"Mongoose, yellow"
fborermf,Farris Borer,1,Bacabal,12:00 PM,"Ferret, black-footed"
lwoodwingmg,Lisle Woodwing,4,Norfolk,6:51 PM,"Eagle, long-crested hawk"
hgerattmh,Hali Geratt,1,Beishan,6:22 PM,"Legaan, ground"
avanmi,Alisander Van Velde,3,Cipicung,11:22 PM,Common shelduck
kshovelbottommj,Kermie Shovelbottom,4,Tampekan,8:46 AM,Canadian tiger swallowtail butterfly
phalifaxmk,Polly Halifax,2,Kuroishi,2:29 PM,Golden eagle
cblofeldml,Court Blofeld,4,Matlang,9:11 PM,Malagasy ground boa
fwickersonmm,Fey Wickerson,2,Quillo,4:00 PM,"Roadrunner, greater"
mworhammn,Maximilianus Worham,4,Maştağa,8:34 PM,Galapagos dove
jrenoufmo,Julio Renouf,1,Athens,12:53 AM,"Dragon, frilled"
fkosmp,Fraser Kos,2,Longtian,10:07 AM,"Pelican, brown"
epanswickmq,Evonne Panswick,1,London,10:17 PM,Black bear
jmcnuttmr,Jessalyn McNutt,4,Baojia,8:51 AM,Desert spiny lizard
bniavesms,Barbie Niaves,4,Sūq al Khamīs,9:01 PM,White-necked stork
rpostillmt,Ringo Postill,3,Orly aérogare,12:12 PM,"Starling, cape"
sranglemu,Stanislas Rangle,3,Izyaslav,4:57 AM,Cottonmouth
msherrardmv,Myrah Sherrard,4,Kipit,11:28 AM,"Skink, african"
yclapisonmw,Yorgos Clapison,4,Luyang,5:04 AM,White rhinoceros
ncastagnerimx,Nevin Castagneri,3,Novi Travnik,10:36 PM,"Pigeon, wood"
fbrunskillmy,Fiona Brunskill,1,Charlotte,5:47 AM,"Bat, asian false vampire"
bmellymz,Blake Melly,3,Clondalkin,1:30 PM,"Brocket, red"
phryncewiczn0,Peyter Hryncewicz,4,Cipicung Timur,1:09 AM,"Teal, hottentot"
jdyshartn1,Jereme Dyshart,3,Fanrong,5:01 PM,"Elk, Wapiti"
lbaben2,Lindon Babe,3,Longuita,5:34 PM,Huron
atrottonn3,Adria Trotton,4,Goundam,3:22 PM,Sulfur-crested cockatoo
wjerroldn4,Wayne Jerrold,3,Shangani,6:57 AM,Southern ground hornbill
dbrandassin5,Didi Brandassi,3,Hwawŏn,2:36 PM,Red lava crab
amaddysonn6,Addy Maddyson,4,Tarhuna,3:46 PM,Cape white-eye
mstollenwerckn7,Mayer Stollenwerck,1,Yatunpu,5:38 PM,"Bandicoot, southern brown"
kdorbinn8,Keir Dorbin,3,Nanniu,11:46 AM,"Boubou, southern"
kcancottn9,Kellie Cancott,2,Norton,5:08 PM,"Hen, sage"
pwoolandna,Phillipp Wooland,2,Arcachon,1:45 AM,"Finch, common melba"
sskinnb,Stacee Skin,4,Străşeni,10:49 AM,Brown pelican
dhathwaync,Dory Hathway,3,Kongjiang,7:48 PM,"Genet, small-spotted"
gferronetnd,Gasparo Ferronet,2,Nazyvayevsk,11:00 PM,North American beaver
damsbergerne,Deva Amsberger,1,Maseru,3:55 PM,"Possum, pygmy"
mmayhownf,Mari Mayhow,3,Yoro,2:46 PM,Praying mantis (unidentified)
jexallng,Joletta Exall,4,Al Masallamiyya,2:24 AM,Magnificent frigate bird
tsimonnetnh,Tedie Simonnet,4,Nangkaruka,11:38 AM,Rock dove
tadanezni,Trever Adanez,2,Antipolo,12:11 AM,Ovenbird
hlombardonj,Huntley Lombardo,2,Sanchahe,12:45 PM,"Tortoise, radiated"
jhassernk,Jeremie Hasser,4,Géfyra,12:49 PM,Warthog
jeulernl,Joscelin Euler,4,Arvika,2:31 AM,"Pheasant, ring-necked"
snewlannm,Shayna Newlan,2,Aracruz,11:21 AM,Red kangaroo
wchadwicknn,Wilfred Chadwick,1,Liuzhuang,7:08 PM,"Gull, kelp"
ifargherno,Indira Fargher,1,Compiègne,1:21 AM,Barking gecko
ejollandsnp,Estella Jollands,2,Guadalupe,12:08 PM,"Macaw, green-winged"
bcoleridgenq,Brena Coleridge,3,Zwierzyniec,6:57 AM,"Stork, woolly-necked"
nfostennr,Netty Fosten,4,Qianpai,2:48 AM,"Loris, slender"
psellarsns,Pincas Sellars,1,Kalandagan,10:11 AM,Whip-tailed wallaby
msidlownt,Micah Sidlow,1,Rueil-Malmaison,2:50 AM,Cape wild cat
hchinnerynu,Herman Chinnery,4,Omīdcheh,11:16 PM,Woodchuck
frosnv,Felizio Ros,4,Nakovo,6:34 PM,"Alligator, american"
bcutmarenw,Barn Cutmare,3,Inari,4:21 AM,Red deer
jwhittiernx,Jessi Whittier,3,Akureyri,7:04 AM,Sloth bear
knurseyny,Kordula Nursey,2,Tangqian,8:49 PM,Mountain duck
mboldingnz,Molly Bolding,3,Morrelgonj,9:22 AM,"Owl, australian masked"
lmateikoo0,Laure Mateiko,1,Sampaloc,9:10 PM,Mexican beaded lizard
lsnellero1,Lyn Sneller,4,Sirre,1:32 PM,Arctic ground squirrel
sstandrino2,Sheena Standrin,3,Challas,7:12 AM,"Heron, yellow-crowned night"
lmacinerneyo3,Lorna MacInerney,4,Budapest,10:58 AM,"Seal, northern elephant"
eespositao4,Edyth Esposita,1,Kovářov,12:09 PM,Reindeer
epedleyo5,Emma Pedley,1,Sitiarjo,7:50 PM,"Drongo, fork-tailed"
keburneo6,Kirsten Eburne,2,Jawa,2:50 AM,Hudsonian godwit
vlaiteo7,Vin Laite,3,Airmadidi,4:58 PM,"Squirrel, antelope ground"
jsydeso8,Jerry Sydes,1,Pastores,12:48 AM,"Lemur, sportive"
fpearcho9,Frederica Pearch,1,Dordrecht,1:26 AM,Gray heron
eyurkovoa,Evie Yurkov,3,Xinshancun,11:54 PM,Thomson's gazelle
eolliffob,Ezri Olliff,4,Zhifang,8:52 AM,"Sunbird, lesser double-collared"
mmcnirlanoc,Mellie McNirlan,2,Mlanggeng,12:33 AM,Southern brown bandicoot
jcosensod,Janie Cosens,1,Minas,2:44 AM,"Crane, sarus"
rsidlowoe,Reggie Sidlow,1,Tunguang,9:28 PM,"Lizard, mexican beaded"
djagielloof,Dud Jagiello,3,Schieren,5:16 AM,"Lemur, grey mouse"
lpontenog,Letti Ponten,1,Cisasak,11:07 PM,"Bear, grizzly"
amumbrayoh,Aland Mumbray,1,Sindou,4:26 PM,"Swan, black"
msamueloi,Maude Samuel,2,Maciejowice,4:18 PM,Steller sea lion
jwakleyoj,Julia Wakley,2,Longjumeau,9:55 AM,"Eagle, pallas's fish"
vboundleyok,Vivyanne Boundley,4,Choloma,12:16 AM,White-fronted bee-eater
pwibberleyol,Parker Wibberley,1,Abhar,10:05 PM,Kaffir cat
rsheronom,Rosalia Sheron,4,Pukou,2:35 AM,"Screamer, crested"
ypindellon,Yurik Pindell,1,Jingguan,5:16 PM,Black-cheeked waxbill
adundridgeoo,Arlen Dundridge,4,Aizi,11:31 PM,Red-tailed cockatoo
hfeldmusop,Hamilton Feldmus,3,Lobatse,11:01 PM,"Hen, sage"
blynasoq,Bryana Lynas,4,Borzytuchom,11:58 PM,"Cobra, egyptian"
kperazzoor,Katinka Perazzo,2,Daytona Beach,9:55 PM,Long-tailed jaeger
hhussellos,Husain Hussell,4,Połajewo,2:58 PM,Brush-tailed rat kangaroo
ccarletot,Charin Carlet,2,Khārān,12:30 AM,"Kudu, greater"
pmcilhargaou,Padraic McIlharga,2,Göteborg,4:11 AM,"Hornbill, leadbeateri's ground"
cgrishinov,Celesta Grishin,2,Hội An,7:38 AM,Pied avocet
mjaksicow,Mollee Jaksic,3,Citeureup,10:05 PM,Galapagos mockingbird
kfebryox,Kirstyn Febry,4,Vila Fria,4:36 PM,Eurasian hoopoe
mesgateoy,Mehetabel Esgate,1,Huxi,8:19 AM,Ornate rock dragon
cpodmoreoz,Cathi Podmore,1,Zhouzhuang,7:43 AM,"Squirrel, golden-mantled ground"
apitcaithlyp0,Audre Pitcaithly,1,San Vicente,10:45 PM,"Owl, white-browed"
bkyntonp1,Beverlee Kynton,3,Nikol’sk,2:42 PM,Cattle egret
kdumphryp2,Kilian Dumphry,3,Kamionka Strumitowa,12:38 AM,"Fox, blue"
bseep3,Brock See,3,Ishim,3:31 PM,Spectacled caiman
lwressellp4,Leena Wressell,2,Marseille,8:36 PM,"Gull, kelp"
cgeerdtsp5,Cristionna Geerdts,3,Tomar,9:33 AM,Ferruginous hawk
dgwiltp6,Donella Gwilt,1,Alanga,12:43 PM,"Quoll, eastern"
ftuitep7,Ferdinande Tuite,3,Saint-Quentin,2:12 AM,Lava gull
lstonebanksp8,Lorenza Stonebanks,4,Sonsorol Village,9:29 PM,Tailless tenrec
jgrobp9,Jermaine Grob,4,Ystad,1:27 PM,"Monkey, red howler"
csummerlypa,Colline Summerly,2,Batangtoru,11:54 PM,Red-winged blackbird
kmaccheynepb,Kasey MacCheyne,4,Hantara,4:51 AM,Black-winged stilt
mcourtesepc,Mable Courtese,4,Iguape,6:28 AM,"Starling, greater blue-eared"
rarlidgepd,Rainer Arlidge,2,Weda,12:31 PM,River wallaby
gmatelyunaspe,Gaby Matelyunas,2,Antes,4:30 PM,"Woodpecker, downy"
rbrindleypf,Ransom Brindley,4,Tuymazy,7:39 PM,"Bird, magnificent frigate"
zswinglehurstpg,Zelma Swinglehurst,2,Diang,4:06 PM,"Lion, galapagos sea"
tpaolinoph,Tobias Paolino,2,Yingta,5:35 PM,Desert kangaroo rat
ckingabypi,Clare Kingaby,4,Daet,12:16 PM,"Deer, red"
rcattachpj,Raimondo Cattach,3,Cavadas,11:38 PM,"Egret, cattle"
clopepk,Calvin Lope,4,Rangxi,10:03 PM,"Hawk-eagle, crowned"
uquaifepl,Ulla Quaife,3,Baghlān,9:46 PM,Glossy ibis
mfillgatepm,Marlo Fillgate,3,Zagórnik,11:20 PM,Mule deer
hcorsspn,Hayward Corss,3,Revolucion,1:26 PM,"Armadillo, giant"
tharmerpo,Thekla Harmer,2,Daxi,5:22 PM,Madagascar fruit bat
pscogganspp,Patti Scoggans,1,L’govskiy,7:47 AM,White-lipped peccary
mwinkpq,Mahmoud Wink,2,Santa Cruz do Bispo,11:02 AM,Brolga crane
linglefieldpr,Leshia Inglefield,1,Korsze,1:57 AM,Tawny frogmouth
enixps,Ermanno Nix,2,Xixiang,4:36 PM,Green vine snake
blimbertpt,Binky Limbert,1,Dadapan,7:03 PM,Platypus
alionelpu,Arlen Lionel,1,Lahad Datu,1:08 AM,Horned puffin
mtipplepv,Mellisa Tipple,1,Arras,9:32 PM,Potoroo
livanchovpw,Laurent Ivanchov,4,Shilovo,5:42 AM,Golden-mantled ground squirrel
rcasarinopx,Roley Casarino,1,Cirumput,3:49 AM,"Dragonfly, russian"
afredepy,Adrianne Frede,3,Secang Barat,8:30 AM,Galapagos hawk
smcquadepz,Stearn McQuade,2,Yuanping,12:27 PM,"Wagtail, african pied"
aorsmanq0,Agosto Orsman,3,Kiarajangkung,12:44 PM,"Heron, yellow-crowned night"
stomasq1,Scarface Tomas,3,Jaú,10:43 PM,"Pelican, brown"
dshacklefordq2,Doralynn Shackleford,4,Lincheng,3:52 AM,Blackbuck
edeq3,Eddy de Mullett,2,Pangrumasan,9:37 PM,Gemsbok
kwinnettq4,Kali Winnett,4,Naas,7:40 AM,Blue waxbill
tmacpakeq5,Timoteo MacPake,2,Jemielno,1:59 PM,Woodrat (unidentified)
adunstoneq6,Alene Dunstone,1,Zolotonosha,2:51 PM,"Armadillo, common long-nosed"
jtrubshawq7,Jenny Trubshaw,1,Cordeiro,6:22 PM,Bottle-nose dolphin
fmcavaddyq8,Flemming McAvaddy,4,Visim,11:25 PM,"Snake, eastern indigo"
rmcinultyq9,Reina McInulty,2,Al Khafsah,6:58 AM,"Lion, asian"
edonneqa,Earlie Donne,4,Changshan,5:25 PM,"Bushbaby, large-eared"
seisakqb,Sadye Eisak,2,Felgueiras,11:30 AM,Kalahari scrub robin
akaleqc,Alisa Kale,1,Cha’anpu,8:51 AM,"Crow, house"
amaddickqd,Anny Maddick,1,Payabon,1:08 AM,"Weaver, red-billed buffalo"
jebbingsqe,Jocelin Ebbings,2,Coxim,11:44 PM,Emerald green tree boa
lwyldboreqf,Linette Wyldbore,1,Söderköping,5:01 AM,Cobra (unidentified)
cpaveyqg,Callean Pavey,2,Ke’erlun,6:06 PM,"Shrike, southern white-crowned"
vundrillqh,Vi Undrill,1,Niemodlin,1:11 PM,Dromedary camel
ooddeyqi,Odella Oddey,4,Dunkerque,2:54 PM,"Booby, blue-faced"
cbettesworthqj,Chevy Bettesworth,3,Pepe,10:04 AM,Blackish oystercatcher
jspillaneqk,Johny Spillane,3,Gaoqiao,1:58 AM,North American river otter
nbruckentalql,Neville Bruckental,4,Karangbayat,3:15 PM,Curve-billed thrasher
mfifieldqm,Mollie Fifield,3,Sattahip,7:01 AM,Striped hyena
cswatridgeqn,Cecilio Swatridge,4,Matai,10:23 AM,Cuis
kspicerqo,Kissiah Spicer,3,Cereté,8:41 PM,"Gull, herring"
nklaiserqp,Noni Klaiser,1,Stepnica,6:08 AM,Australian sea lion
jgyseqq,Jens Gyse,1,Gaopi,11:52 PM,"Shrike, crimson-breasted"
vlackeyqr,Valaree Lackey,4,Mombok,1:47 AM,"Drongo, fork-tailed"
cpitkaithlyqs,Clotilda Pitkaithly,4,Dongming,4:54 PM,"Zorro, common"
scauldfieldqt,Shane Cauldfield,3,Ngembel,3:07 AM,"Chickadee, black-capped"
ogauchequ,Osbourn Gauche,4,Naju,4:36 AM,American racer
tmorseqv,Tabbi Morse,2,Sukarama,6:31 PM,Western lowland gorilla
jfelthamqw,Josh Feltham,1,Foshan,9:26 PM,"Possum, common brushtail"
sklimukqx,Shannon Klimuk,2,Listowel,4:20 AM,"Goose, cereopsis"
spetrichatqy,Shir Petrichat,3,Amaigbo,4:18 PM,Platypus
bbrookerqz,Bryn Brooker,2,Soasio,6:50 PM,"Porcupine, indian"
sishamr0,Saunder Isham,3,Dębowiec,1:08 PM,"Kite, black"
cusherr1,Clarance Usher,4,Wangchang,12:27 AM,"Kingfisher, white-throated"
wpiggottr2,Waly Piggott,1,Niba,6:49 AM,Native cat
ader3,Allx De la Yglesia,4,Rezé,10:51 AM,Western patch-nosed snake
cwalkdenr4,Carolyne Walkden,4,Banfora,4:16 PM,"Dove, mourning collared"
npitkeathlyr5,Nichole Pitkeathly,4,Gorzyce,2:50 PM,Red-cheeked cordon bleu
tbarkhouser6,Theodore Barkhouse,2,Hrochův Týnec,1:06 AM,Gambel's quail
tnorkerr7,Tammy Norker,3,Gaoqiu,5:16 PM,"Legaan, water"
cgowanlockr8,Carly Gowanlock,1,Utrecht (stad),6:15 AM,"Anteater, giant"
bgonsalvor9,Brigit Gonsalvo,3,Dawuhan,9:12 AM,"Grebe, little"
ecianira,Emalee Ciani,2,Pancheng,3:17 PM,"Owl, burrowing"
mgainerb,Marcelo Gaine of England,4,Poncokusumo,7:35 AM,Savanna fox
lsandallrc,Lenette Sandall,3,Ojo de Agua,8:49 AM,"Gecko, tokay"
rblackadderrd,Rafaelita Blackadder,4,Torrance,7:41 AM,"Possum, ring-tailed"
hsheldrickre,Holly Sheldrick,1,Oliveirinha,2:29 PM,"Macaque, japanese"
clorainerf,Colline Loraine,2,Tomé,6:00 AM,Feral rock pigeon
mpeedellrg,Mellie Peedell,1,Bonao,8:02 AM,Serval
bcolecroughrh,Babs Colecrough,1,Lišov,6:46 PM,South American meadowlark (unidentified)
dcarncrossri,Derrick Carncross,3,Ma’ao,7:52 PM,"Mongoose, yellow"
mrizzottorj,Martita Rizzotto,2,Saint-Quentin-en-Yvelines,4:10 AM,Ornate rock dragon
iellamsrk,Ilysa Ellams,2,Svoge,1:21 AM,American badger
jtopperrl,Jennilee Topper,1,Jinniu,1:10 PM,Radiated tortoise
dogdenrm,Darwin Ogden,1,Aba,7:24 AM,Springbok
hbythewayrn,Harmonie Bytheway,2,Curumaní,2:21 AM,"Crow, house"
nallseppro,Nicolais Allsepp,4,Batangtoru,7:12 PM,"Cat, tiger"
tpinxtonrp,Travus Pinxton,4,Santo Amaro,9:49 PM,"Cat, miner's"
rjurgensonrq,Revkah Jurgenson,4,Bintuni,7:57 PM,African ground squirrel (unidentified)
ltomczakrr,Lombard Tomczak,1,Chon Daen,5:28 PM,Southern elephant seal
