login,name,location
1,Colman Brame,0 Forster Place
2,Franky Dawtrey,43998 Roxbury Park
3,Tulley Bolden,7818 Maywood Lane
4,Thayne Wickie,4884 Hallows Pass
5,Charlena Flade,3887 Stephen Parkway
6,Tish Demeza,433 Vidon Alley
7,Arnie MacConnal,37 Butternut Avenue
8,Leanora Ollet,42 Autumn Leaf Park
9,Skipper Beranek,28917 Hanson Circle
10,Daphene Searchwell,7 Sycamore Lane
11,Rusty Hember,7719 Clove Crossing
12,Filberte Elce,51760 Arizona Center
13,Orson Wynes,162 Bay Junction
14,Magdalena Freeth,07 Union Junction
15,Amelina Kynman,544 Ilene Way
16,Stevana Ferras,166 Anzinger Crossing
17,Abra Brehaut,5 Dwight Drive
18,Dacie Wickendon,9850 Pennsylvania Center
19,Tiphani Suffe,395 Crescent Oaks Place
20,Ileana Kierans,381 Burning Wood Place
21,Mil Guerrier,71 Mccormick Place
22,Nari Stolte,13 Calypso Terrace
23,Claiborn Schach,2 Farwell Street
24,Roch Ginity,86 Golf View Junction
25,Caren De Ambrosi,95 Meadow Ridge Street
26,Anica Acheson,017 Raven Alley
27,Chrysler Vigus,01977 Eagan Street
28,Malena Attrie,9016 Utah Pass
29,Brianne Felce,46375 Longview Alley
30,Justus De Biasi,4 Hoepker Road
31,Garreth Rodge,212 Pankratz Center
32,Law Farren,700 Eagle Crest Park
33,Nicolas Billington,6 Sheridan Alley
34,Blinni Bemment,52 Kim Plaza
35,Erin Bickardike,14 Summer Ridge Center
36,Eve Passmore,333 Hooker Junction
37,Belle Wellesley,24 Johnson Drive
38,Kerk Ammer,91587 Colorado Street
39,Anjela Harwood,5584 Nova Crossing
40,Jasper Varah,3 Manley Pass
41,Kellby Ballam,4 Warbler Terrace
42,Udall Allum,565 Waxwing Pass
43,Ursa Duckhouse,01120 Katie Park
44,Pegeen Fenge,07 School Pass
45,Milli Lambal,306 Sunfield Road
46,Robbie Ellacott,17 Roth Street
47,Ofella Schild,2 Stone Corner Court
48,Sterne Philp,075 Brown Terrace
49,Amble Lidierth,87898 Declaration Junction
50,Lyda Tiffney,5514 Hayes Circle
51,Yorker Keeton,03 Warner Point
52,Carley Tatnell,49854 Acker Center
53,Cora Pinches,87149 1st Road
54,Vivia Picken,47 Portage Crossing
55,Helli Bakes,5 Kenwood Drive
56,Darbee Lemmers,457 Algoma Junction
57,Chryste Kellen,582 Bonner Pass
58,Cheston Ilchuk,7711 Birchwood Parkway
59,Kaiser Gerauld,8 Morrow Point
60,Inna Croyden,726 Oak Alley
61,Timi Maas,447 Anthes Lane
62,Armin Northcliffe,881 Stoughton Way
63,Stanislas Paunsford,1 North Park
64,Ulises McTrustam,0069 Luster Place
65,Maxi Risbrough,64978 Westport Court
66,Lucita Runacres,4949 Bultman Street
67,Eadmund Azam,44000 Tennyson Way
68,Moira Boggers,41 Columbus Court
69,Katee Chern,19760 Loomis Avenue
70,Percival Langrick,22656 Veith Avenue
71,Romeo Wheatman,24936 Division Pass
72,Fin McCaw,457 Alpine Plaza
73,Cristie Eyton,8194 Summerview Lane
74,Clark Belhome,95 Talisman Avenue
75,Orsa Berrow,567 Memorial Center
76,Dunc Ashfield,7 Elmside Crossing
77,Mirilla Frowing,645 Evergreen Parkway
78,Papagena Battelle,490 Saint Paul Road
79,Lida Sumpter,97 Hagan Place
80,Ingrim Argyle,4386 Daystar Junction
81,Kandace Durnall,677 Weeping Birch Circle
82,Stella Kennealy,97 Fallview Drive
83,Zedekiah Luke,3 Bay Road
84,Ferrell Perell,36672 Moulton Lane
85,Kane Leabeater,67784 Bartelt Point
86,Lionello Whysall,960 Randy Terrace
87,Oralee Lismer,22033 Sherman Avenue
88,Chan Scranedge,724 Westerfield Junction
89,Fleur Wardale,17299 Hoepker Court
90,Ellie Ismirnioglou,84 Waxwing Lane
91,Carlie Lewens,61192 Russell Way
92,Tawnya Llop,6134 Kinsman Junction
93,Tremain Duester,589 Marquette Parkway
94,Davey Vasyagin,27204 Banding Avenue
95,Ronnie Buckie,58 Bartelt Road
96,Peria Stallwood,06 Moulton Lane
97,Eugine Slingsby,10 Dayton Alley
98,Norene Martynov,29 Lakewood Center
99,Pepita Ockenden,9068 Namekagon Point
100,Tailor Mitchley,2 Anthes Hill
101,Stella Boyack,21 Maryland Point
102,Luisa Turgoose,79621 Kedzie Circle
103,Quillan Eede,438 Farwell Crossing
104,Constantia Burkinshaw,47 Dottie Trail
105,Fifine Onslow,231 Thackeray Point
106,Rockey Margetson,973 Farragut Street
107,Tanney Beidebeke,31 Pennsylvania Road
108,Sandie Mayston,2 Eagle Crest Park
109,Ashley Girvan,01 Starling Street
110,Craig Fiddiman,07801 Parkside Place
111,Gabrielle Topling,46947 Hagan Terrace
112,Cordie Blenkinsop,39137 Northland Drive
113,Maressa Dochon,56 American Street
114,Francisco Domleo,04 Pawling Lane
115,Louisette Siehard,64347 Knutson Pass
116,Winslow Lordon,11 Texas Parkway
117,Timmie Stot,8763 Iowa Park
118,Araldo Playden,0 Namekagon Alley
119,Mikaela Seacombe,5245 Doe Crossing Road
120,Aubine Dunklee,39815 Sutherland Crossing
121,Nil Mahon,4 Schiller Junction
122,Amanda Poynton,55 Waywood Court
123,Gabrielle Farress,9234 Meadow Valley Park
124,Alene Fabri,3641 Eastwood Drive
125,Celestyna Greswell,50190 Di Loreto Plaza
126,Eberto Hammant,5823 5th Avenue
127,Angelia Darrington,70593 Moland Road
128,Emlynne De Mitri,09 Nova Center
129,Conny Lodwig,80 Hanson Parkway
130,Mercy Pickin,61275 Orin Alley
131,Amalita McNelly,3716 Lerdahl Junction
132,Mady Docherty,4060 Sage Hill
133,Perkin Marcinkowski,2 Dunning Trail
134,Massimiliano Reglar,0858 Victoria Alley
135,Walker Stern,99334 Bonner Center
136,Johnnie Suett,9 Hanson Point
137,Florette Edgeon,45281 Riverside Trail
138,Shanan Favill,83479 Northwestern Avenue
139,Dusty Andryszczak,810 Ridge Oak Terrace
140,Dilan Wallwork,23 Parkside Parkway
141,Atlante Louca,2 Montana Way
142,Cristian Ioan,5 Myrtle Street
143,Bernete Mehmet,9350 Glacier Hill Hill
144,Jarvis Champain,61 Roth Junction
145,Anastassia Whodcoat,3469 Quincy Plaza
146,Mozes Romaines,14 Garrison Road
147,Sashenka Helks,0 Heffernan Junction
148,Lesly Tabbernor,1 Everett Court
149,Silvano Dyet,5581 Butternut Plaza
150,Zita Albone,31 Chive Crossing
151,Sumner Spaice,7 Fremont Road
152,Elva Killingback,1182 Moland Road
153,Maggi Blezard,7 Vernon Junction
154,Portie Warsop,0 Oak Hill
155,Ginni Whytock,7 Spohn Street
156,Cecilia Doniso,25 Blue Bill Park Street
157,Johannah Guerra,2287 Longview Parkway
158,Celinda Wallege,4 Crescent Oaks Lane
159,Monte Rolley,1595 Boyd Plaza
160,Hedda Wellwood,13843 South Parkway
161,Shea Bennallck,0669 Northview Point
162,Ginevra Pahler,89742 Sutherland Road
163,Idell McKitterick,1 Dapin Street
164,Gayle Locker,280 Pankratz Park
165,Lukas Sparshatt,81297 Eliot Terrace
166,Eric Winpenny,86916 Canary Point
167,Drusi Dunstan,4 Twin Pines Place
168,Brianne Deguara,802 Maryland Junction
169,Andriette Karsh,9986 Mitchell Parkway
170,Sharlene Twiddy,09 Moulton Parkway
171,Felizio Astbury,144 Carioca Hill
172,Willamina Stenners,6494 Anhalt Trail
173,Karalee Elman,14 Green Plaza
174,Katerine Moorhouse,00 Sycamore Plaza
175,Emilie Pendrick,7352 Prairieview Place
176,Klara Patman,22 Ramsey Hill
177,Shirlee Verbruggen,76545 Crest Line Street
178,Lorenza Restieaux,8 Pond Trail
179,Merell Morcomb,76 Shoshone Alley
180,Archambault Feathers,063 Scoville Court
181,Yurik Leven,7 Esker Crossing
182,Kath Danielian,77 Dixon Court
183,Gar Gigg,68123 Clarendon Court
184,Alfred Hackwell,93305 Northland Road
185,Hobard Gritten,40734 Brown Park
186,Willard Instone,5 Hanover Junction
187,Randi Clulee,3 Aberg Place
188,Marty Symson,1720 Eagle Crest Circle
189,Lilian Frangleton,67081 Artisan Parkway
190,Leia Carruthers,807 Debra Drive
191,Massimiliano Elldred,76082 Independence Center
192,Luther Dunkinson,96572 Red Cloud Hill
193,Siward Monelle,80113 Oak Valley Way
194,Sara D'Ugo,3669 Vera Hill
195,Berget Twede,9295 Bowman Crossing
196,Clemmy Nesbitt,010 Charing Cross Court
197,Jessi MacVagh,0 Autumn Leaf Parkway
198,Kelci Ilden,696 Ronald Regan Place
199,Kalindi Mazin,07156 Dunning Alley
200,Nathalia Mattedi,482 Manley Drive
201,Caro Gonzalez,990 Main Terrace
202,Andi Jenton,65846 John Wall Circle
203,Kitty Piercy,3 Del Mar Crossing
204,Hughie Tolomelli,824 Fair Oaks Place
205,Greg Loverock,8 Nelson Terrace
206,Blondelle Lanchbery,42 Warner Court
207,Helaine Trahmel,969 Waywood Lane
208,Shelagh Blockwell,38 Victoria Lane
209,Helen Titterrell,124 Corben Way
210,Bear Burfitt,710 Arizona Point
211,Mame Alpes,433 Shopko Park
212,Hilde Chrstine,52312 Pearson Parkway
213,Susy Fenne,23337 American Ash Road
214,Iorgos Gut,969 Lakeland Place
215,Elvyn Metrick,88771 Everett Point
216,Iain Marjoribanks,3 8th Avenue
217,Hirsch Sakins,4 Eastwood Way
218,Gorden Newson,03 Jackson Hill
219,Curtis Farleigh,882 Express Junction
220,Janot Crebbin,2 Michigan Parkway
221,Jaquenette Moncrieffe,82744 Lakewood Gardens Plaza
222,Paton Harriday,8274 Heffernan Drive
223,Renae Myderscough,13 Victoria Crossing
224,Iona Trimby,0 Menomonie Plaza
225,Suki Gason,541 Arizona Avenue
226,Dom Haddick,09 Elmside Place
227,Townsend Ferrulli,5 Carberry Avenue
228,Jackson Bess,0 Golden Leaf Center
229,Betti Chritchlow,4 Fisk Terrace
230,Cynthia Geelan,11 Montana Lane
231,Alva Andreutti,53 Nancy Terrace
232,Bill Rubel,46 Coleman Road
233,Arabele Beckers,71029 Green Park
234,Roda Alcalde,535 Old Shore Terrace
235,Madelena Rumsby,1942 Lotheville Plaza
236,De Aronoff,829 Independence Way
237,Lynne Gumey,92 South Way
238,Tully Meatcher,8554 Michigan Road
239,Romona Peakman,69261 Mallory Park
240,Devi Reihm,29011 Fairfield Parkway
241,Floyd Renouf,641 Nelson Point
242,Markos Kybbye,3396 Bellgrove Hill
243,Dene Glyn,51261 Parkside Point
244,Pennie Derwin,08 Iowa Way
245,Ivory Villiers,3 Almo Lane
246,Isacco Hub,18592 Lakeland Park
247,Bastien Dikelin,0673 1st Avenue
248,Farley Neilan,83 Macpherson Center
249,Terrill Emmines,69456 Westerfield Avenue
250,Gaylene Reitenbach,3648 Towne Crossing
251,Karia Cusworth,150 Maywood Circle
252,Lew Faucett,25758 Bellgrove Park
253,Eleen Suscens,0 Hazelcrest Park
254,Christin Swatton,8426 Waubesa Circle
255,Gustaf Haythorn,490 Delaware Hill
256,Eada Hurran,97 Laurel Court
257,Vasili Itzakovitz,78 Continental Court
258,Kleon Peaurt,5 Dunning Court
259,Cassie Jablonski,278 Buell Hill
260,Lilyan McGrail,7 Lake View Drive
261,Noel Swain,60 Helena Alley
262,Fritz Schulz,0437 Debra Trail
263,Buckie Greaser,07 Mcguire Alley
264,Danika Rosetti,668 8th Lane
265,Beret Di Napoli,07828 Superior Way
266,Ardene Fritche,1 Anderson Parkway
267,Fernandina McMurdo,1 Shasta Center
268,Krystal Dunmore,358 Westend Center
269,Janifer Mackelworth,81905 Glendale Drive
270,Fenelia Kean,050 Rieder Parkway
271,Malva Reichelt,7541 Lakewood Pass
272,Devina Stonard,29069 Elmside Center
273,Bayard Ennion,29 Swallow Parkway
274,Brandea Andreolli,42204 Hoard Parkway
275,Cassey Bindon,16 Calypso Avenue
276,Perry Hadlee,91 Doe Crossing Point
277,Georgina Pilbury,32 Truax Lane
278,Tyne Wharram,662 Ridge Oak Street
279,Freda Leall,87 5th Drive
280,Tanner Adkin,39738 Lillian Trail
281,Hussein Mabe,8281 Upham Trail
282,Llywellyn Mendoza,7 Johnson Park
283,Claudetta MacParlan,187 Glendale Center
284,Leeland Poon,68 Brentwood Crossing
285,Kerby Vennings,8 Browning Pass
286,Raeann Tubbles,7 Carioca Crossing
287,Kissie Burkman,081 Lillian Park
288,Claudell Bufton,29409 Autumn Leaf Drive
289,Ewart Justis,51 Carpenter Crossing
290,Jaimie Meagher,45250 Blaine Hill
291,Zuzana Esslemont,25913 Oriole Hill
292,Sissy Stegers,614 Rutledge Alley
293,Rufus Strutley,8 Redwing Park
294,Brietta Bradock,84 Crowley Street
295,Stanislaus Studart,71 Eastlawn Park
296,Alecia Semper,80 Lotheville Street
297,Marlyn Mottershead,6474 Longview Pass
298,Benny Swire,456 Muir Parkway
299,Lawton Haythornthwaite,92 Arapahoe Hill
300,Mair Gheorghie,3 Butternut Park
301,Petrina Le Batteur,20 Mockingbird Drive
302,Xena Olek,6 Everett Road
303,Royal Garn,78 Everett Center
304,Conrade Gillon,3 Butternut Plaza
305,Mordy Demonge,381 Sage Crossing
306,Matteo Lesley,305 Porter Center
307,Kirsti Traite,2 Redwing Park
308,Cristina Smeed,060 Clarendon Circle
309,Shea Lergan,0241 Pawling Way
310,Ernaline Frigot,65 Bluejay Crossing
311,Ninnette Mardle,81 Artisan Center
312,Ula Stain,872 Rieder Lane
313,Richart Ferminger,8472 Vernon Plaza
314,Abagael Beckey,44 Sutherland Alley
315,Rachel Klulik,7229 Sauthoff Street
316,Antonie Lindman,6 Russell Trail
317,Kerr Robjents,863 Arkansas Crossing
318,Verne Bosward,27249 Lake View Circle
319,Cornell Giraldon,0 Mesta Place
320,Darsie Saker,81345 Morrow Place
321,Sherwin Liquorish,3934 Artisan Place
322,Salem Cantor,17366 Sheridan Alley
323,Farris Surgener,25759 Nova Avenue
324,Baily Blackbrough,57235 Cherokee Lane
325,Julee Mithon,55 Schlimgen Junction
326,Myranda Lamperti,46 Algoma Drive
327,Alverta Lenaghen,278 Sutteridge Place
328,Creight Carbery,9 Lakewood Avenue
329,Susi Nutbean,077 Larry Parkway
330,Theresita Natwick,58 Caliangt Circle
331,Leslie Rathe,761 Parkside Pass
332,Redford Mayer,511 Milwaukee Alley
333,Marcela Godain,0 Monica Pass
334,Gamaliel Haydney,0 Hermina Center
335,Kirby Jankovic,44071 Hallows Parkway
336,Kendricks Voce,62 Lakeland Point
337,Justis Caulier,0 Gina Trail
338,Amos Ollcott,1542 Twin Pines Road
339,Manya Loblie,67 Vermont Alley
340,Hatti Keme,72549 Raven Point
341,Cissy Marte,765 Acker Junction
342,Lyndel Chese,3087 Burrows Hill
343,Ogdon Tarquinio,8520 Chive Center
344,Kittie Gerrels,72 Dennis Avenue
345,Wash MacGuffog,153 Claremont Terrace
346,Temp Bode,7704 Roth Avenue
347,Ruperta Jersch,955 Towne Hill
348,Alika Beaumont,331 Kingsford Drive
349,Hershel Aylesbury,866 Sachtjen Plaza
350,Elinor Arnopp,8354 Westport Hill
351,Wallas Harsnipe,63 Reindahl Center
352,William Papes,1 Banding Alley
353,Lettie Bloss,109 Grayhawk Avenue
354,Julie MacEvilly,97 Thackeray Point
355,Kirby Straun,21 Mendota Crossing
356,Agatha Teligin,46556 Little Fleur Crossing
357,Gran Greenhill,8 Trailsway Court
358,Melicent Hartill,4 Grayhawk Court
359,Elizabet Joselin,93132 Sachs Street
360,Christian Belfitt,01731 Mesta Street
361,Kathlin Matuskiewicz,57839 Portage Alley
362,Phillis Bogeys,469 Grim Park
363,Cordi Cushelly,803 Pawling Park
364,Ula Iwanicki,354 Trailsway Drive
365,Georgy Ragg,6 Mallard Center
366,Dodie Mannagh,342 Redwing Lane
367,Hasheem Massimo,9 Old Shore Plaza
368,Elsey Jorger,9730 Spohn Trail
369,Joya Garoghan,999 Sunbrook Drive
370,Cecilla January 1st,15088 Haas Alley
371,Sibelle Clelle,58 Mendota Center
372,Vitoria Bellhanger,58 Eastwood Alley
373,Elyssa Maunsell,32701 Northland Center
374,Shurwood Hellsdon,903 Cottonwood Plaza
375,Lorianne Tremmil,17 Texas Terrace
376,Vivien Edwin,68747 Burrows Plaza
377,Winny Parysiak,77467 Eggendart Circle
378,Dewain Cottie,62 Dahle Hill
379,Roshelle Elgee,4604 Melby Drive
380,Wendy Readshaw,27 Oneill Hill
381,Scottie Simonel,98 Cascade Plaza
382,Irwin Paulley,0615 Lotheville Parkway
383,Adrian Warcop,12 Pawling Lane
384,Jacinthe Blades,7855 Fallview Terrace
385,Garvey King,2077 Twin Pines Park
386,Pasquale O'Sesnane,71 Scott Trail
387,Charmaine Schiementz,47058 South Lane
388,Rowen Andrusyak,58 Little Fleur Center
389,Alva Curm,240 Commercial Road
390,Mason Ollivierre,5567 Northport Plaza
391,Chaim Crabb,289 6th Hill
392,Betty Stubbings,57 Lakewood Gardens Park
393,Franky Cuell,16535 Mccormick Drive
394,Fonz Beatens,3367 Clove Park
395,Olivero Gopsill,2 Roxbury Point
396,Dorey Arminger,6 Cascade Center
397,Roxane Drysdale,2404 Nova Terrace
398,Annabell Speck,3426 Reinke Parkway
399,Jaymee Leppington,36171 Eliot Trail
400,Marga McKerlie,5 Merchant Alley
401,Wolf Easthope,6978 Mallard Park
402,Jessa Snoddy,9 Straubel Plaza
403,Ania Richfield,3 Schurz Hill
404,Dulsea Rispin,07314 Kedzie Park
405,Arliene Jansa,2 Farragut Hill
406,Gerome Jonson,3 Bluejay Avenue
407,Claudetta Firth,550 Brentwood Crossing
408,Darell Langland,67312 Nelson Terrace
409,Mattie Whistance,98 Tennessee Alley
410,Leslie Sentinella,953 Mcguire Lane
411,Celisse Vedishchev,0589 Ridgeview Court
412,Julie Lardiner,3 Valley Edge Crossing
413,Tracy Guys,0 Moulton Parkway
414,Purcell Tetther,8973 Lyons Point
415,Purcell Larner,6450 Acker Avenue
416,Berk Voden,35575 Cascade Alley
417,Inglis Reinbeck,4202 Kedzie Crossing
418,Arin Filippello,37 Rowland Crossing
419,Basia Mouncher,84 Becker Road
420,Nessi Rennebach,35 Cordelia Parkway
421,Rosabel Humbles,43450 Westend Center
422,Cassius Wyre,7631 Carpenter Terrace
423,Jameson Scholcroft,6 Fairfield Park
424,Lydon Pohlke,452 Algoma Parkway
425,Brittni Fontenot,04 Cascade Street
426,Earvin Pople,01046 Hollow Ridge Street
427,Ewart Ferrelli,95 Superior Parkway
428,Teddy Derrington,128 Sage Pass
429,Fee Smorthit,06067 Bayside Lane
430,Kari Huonic,36 Mccormick Way
431,Bebe Henningham,5 Del Sol Street
432,Judon Marcinkus,1 Miller Terrace
433,Arleta Ogborn,5111 Lindbergh Pass
434,Boris Gilvary,6 Nancy Crossing
435,Gabriel Willett,34 Packers Lane
436,Angy Sedgemore,15 Grover Point
437,Mehetabel Largan,17 Springview Parkway
438,Kile McNickle,2506 Nobel Alley
439,Mayne Saville,9713 Warrior Hill
440,Faydra Giraths,31048 Hayes Center
441,Blaire Denial,01194 Calypso Circle
442,Edd Glencrosche,66 Sunfield Point
443,Wendell Biesinger,75 West Place
444,Bartolomeo Grigoriscu,83385 Lighthouse Bay Parkway
445,Farrand Pinnell,9549 Shasta Lane
446,Durant Winscom,5 Lien Center
447,Mureil Cattenach,08038 Pawling Lane
448,Terri-jo Mateuszczyk,21364 Forster Junction
449,Daisy Lindl,646 Larry Road
450,Filippo Samett,9341 Ronald Regan Way
451,Padgett Braunfeld,6 Starling Plaza
452,Cassaundra Lingard,1771 Hollow Ridge Way
453,Irwinn Pickford,3015 Gale Plaza
454,Maximo Youings,75035 West Road
455,Kimberlee McLaverty,261 Fisk Hill
456,Rosaline Pawden,453 Hauk Crossing
457,Lulu Glancey,7366 Donald Avenue
458,Joline Kynsey,639 Trailsway Road
459,Paco McGifford,20 Surrey Alley
460,Shadow Perone,64 Waubesa Terrace
461,Fredi Hayes,9311 Artisan Pass
462,Mabelle MacCostigan,10401 Emmet Road
463,Aldis Ramm,71560 Vidon Lane
464,Ina D'Emanuele,193 Sachtjen Alley
465,Susette Neilands,04778 Porter Park
466,Sargent Vasnev,741 Upham Way
467,Johanna Simonnet,4 Cordelia Hill
468,Skelly Cardoe,0345 Barby Parkway
469,Kori Brave,05408 Emmet Center
470,Ava Syers,91 Oxford Lane
471,Curtis Marchbank,30207 Starling Circle
472,Creigh Vondrak,736 Elka Junction
473,Joscelin Hallowell,04506 Eggendart Pass
474,Tansy Giffard,80 Claremont Lane
475,Colby Foale,36 Heffernan Road
476,Sherman Franzelini,07695 Manitowish Terrace
477,Lebbie Sailer,13698 Autumn Leaf Circle
478,Lacee Arnaudot,913 Victoria Hill
479,Mollee Mapledorum,552 Lakewood Gardens Alley
480,Constance Fanthome,41 Magdeline Street
481,Peadar Jayme,9804 Mariners Cove Junction
482,Marcy Lamberto,16660 Maple Crossing
483,Devina Sporrij,51733 Esker Place
484,Gannie Royall,50243 Center Street
485,Immanuel Grishanov,10460 Del Sol Drive
486,Roana Stedell,825 Texas Street
487,Laurens Gemlett,19 Ludington Trail
488,Allistir Vasovic,11508 Ridgeview Park
489,Romonda O'Hickey,674 Dawn Crossing
490,Joshia McGibbon,7 Canary Alley
491,Grace Anshell,2 Holy Cross Crossing
492,Asher Ozanne,9 Chinook Trail
493,Kattie Wimlet,2 Bartillon Street
494,Fredric Llorens,402 Bunting Hill
495,Hailee Hellings,88589 Crest Line Parkway
496,Friedrich January,69 Blue Bill Park Street
497,Tadeo Fossey,5512 Lunder Trail
498,Christy Muzzi,7 Glendale Parkway
499,Theadora Bridgett,67001 John Wall Court
500,Jennica Craigs,55 Gerald Terrace
501,Stanwood Scawton,4457 Caliangt Plaza
502,Jayme Champniss,88033 Onsgard Parkway
503,Barbara-anne Foort,3035 Sutteridge Court
504,Agnes Dufer,746 Porter Lane
505,Rey Lansbury,7 Sauthoff Junction
506,Winnifred Curless,3833 Jackson Hill
507,Earlie Pantin,77 Mendota Junction
508,Kimbra Withinshaw,0254 Waubesa Hill
509,Garrot Pigford,0513 Fairview Trail
510,Nikolas Ferrai,9290 Goodland Parkway
511,Yance Fessler,402 North Place
512,Alidia Sprake,21 Colorado Circle
513,Teodor Cowlard,9505 2nd Trail
514,Ivette Habershon,5678 Lighthouse Bay Court
515,Caralie Dimic,04814 Westend Pass
516,Cchaddie Coppins,18 Butternut Drive
517,Rosamond Rittmeier,646 Namekagon Hill
518,Broderic Keysel,52532 Darwin Terrace
519,Estella Primo,2249 Annamark Terrace
520,Mohandis Tremblot,8 Clemons Point
521,Cami Beake,9 Elgar Junction
522,Francyne MacGowan,074 Karstens Center
523,Miguel Simonini,9469 Arapahoe Point
524,Maude D'Agostino,26496 Delladonna Drive
525,Nessie Moxsom,97247 Summit Lane
526,Minetta Kumaar,2 Havey Crossing
527,Joe Damsell,87243 Doe Crossing Way
528,Janek Pester,98 Ridge Oak Terrace
529,Sonia Grayling,51 Dayton Avenue
530,Eduino Filmer,5 Bunting Pass
531,Demott Hawick,79820 Miller Road
532,Ynez Ruegg,56 Eggendart Road
533,Farr Bointon,74157 Walton Lane
534,Jone Baistow,9 Park Meadow Center
535,Susi Vance,70259 Harper Point
536,Janelle Twiddy,290 Fieldstone Street
537,Arline Petricek,8 Waubesa Point
538,Linell Trevallion,587 Sunnyside Park
539,Venus Domerq,062 Briar Crest Hill
540,Percival O' Mullan,17 Melody Road
541,Vittoria Nann,0 Anhalt Park
542,Chen Tyres,52182 Darwin Way
543,Arnoldo Dowthwaite,7 Maple Wood Avenue
544,Dianemarie Mortell,2653 Kropf Point
545,Allie Butterfill,483 Golden Leaf Plaza
546,Elijah Brickett,64 Grover Terrace
547,Shelden Partkya,09 Forest Run Pass
548,Constancia Elgie,0 Coleman Lane
549,Davide Riquet,304 Leroy Parkway
550,Winnifred Lorraway,75246 Sutteridge Alley
551,Leif Streak,20 Hintze Plaza
552,Leland Ceyssen,729 Dovetail Park
553,Brittney Lynes,965 Karstens Street
554,Eugenia Gladbach,1 Lakewood Gardens Street
555,Jesse MacLeod,0 Onsgard Street
556,Norrie Auchterlony,36 Northridge Terrace
557,Sebastian Grief,983 Packers Alley
558,Ibrahim MacSwayde,080 Elmside Lane
559,Reynold Byrch,029 Buena Vista Street
560,Alleyn Praundl,06 Division Street
561,Caddric Handes,0923 Mayfield Road
562,Audrey Lorking,691 Quincy Hill
563,Isidora Balazs,495 Commercial Hill
564,Maggie Poter,3288 Northwestern Court
565,Sal Phinnis,48 Pennsylvania Plaza
566,Raquela Wroth,45676 Northport Circle
567,Donavon Sandry,95096 Vernon Point
568,Natassia Frissell,7337 Coleman Street
569,Doris Allicock,0626 Helena Plaza
570,Dickie Dibsdale,909 Katie Pass
571,Opaline Huntly,2251 Carioca Terrace
572,Granville Dowson,56237 Mayer Drive
573,Joela Gerhold,94 Village Crossing
574,Stearn Coggeshall,9016 Eagan Trail
575,Philipa Tilley,52466 Lakewood Street
576,Fernando Rudkin,819 Reinke Point
577,Mic Kelberman,7909 Myrtle Plaza
578,Cecilla Clutton,263 Mendota Court
579,Kingsly Fenning,591 Manitowish Parkway
580,Emmye Lemasney,90696 Golf Alley
581,Nat Farlowe,256 Carberry Park
582,Lilas Ugo,37104 Fair Oaks Crossing
583,Lyell Stickler,7625 Kim Plaza
584,Eugenie Brooker,7368 Anhalt Street
585,Sullivan Giggie,551 Stang Park
586,Camel Vacher,86926 Rusk Point
587,Denni Cruddace,45 Almo Circle
588,Elysha Conway,2 Fordem Circle
589,Errick Piche,6 Corry Plaza
590,Perren Arnefield,4 Starling Trail
591,Raimondo Lathwood,342 Mayfield Court
592,Forbes Mote,8992 Scoville Park
593,Jeannette Flanner,77412 Susan Avenue
594,Betsey Mantripp,6 Blaine Circle
595,Rosabella Oxtarby,2023 Manufacturers Pass
596,Raymund Trownson,0 Anhalt Pass
597,Edie Brosnan,216 8th Way
598,Yale Dawid,0810 Harper Trail
599,Andriette Bohden,18 Derek Drive
600,Lorry Dudderidge,1 Ryan Lane
601,Westleigh Monan,3664 Fallview Circle
602,Darlene Kmiec,1 Ludington Street
603,Jean Gavaghan,8238 Bunker Hill Street
604,Zorina Muckloe,35 Main Place
605,Oates De Atta,717 Badeau Way
606,Holden Garrison,55252 Grover Court
607,Janene Matussov,2 Continental Place
608,Conny Fishbie,17 Talisman Point
609,Donnell Formigli,4549 Maple Wood Park
610,Conni Camplen,138 Arizona Street
611,Sallee Girk,7 3rd Terrace
612,Stillmann Rooms,4 Westport Hill
613,Cyndia Glanister,39 Atwood Street
614,Collie Ockland,646 Lake View Alley
615,Isak Szymanzyk,108 Service Point
616,Elizabeth Whiskerd,4794 Monterey Hill
617,Gay Coan,58879 Sunbrook Drive
618,Verge Ilyukhov,774 Ilene Hill
619,Irena Vallerine,399 Loeprich Parkway
620,Neala Krzysztof,244 Moland Park
621,Breanne Mayou,4 Holmberg Drive
622,Kevon Barhems,806 Melody Center
623,Devondra Callen,850 Lotheville Parkway
624,Josie Duny,890 Sutteridge Center
625,Ervin Leverich,011 Texas Lane
626,Laural Ceyssen,99209 Shoshone Parkway
627,Jilleen Ramsted,6894 Dapin Park
628,Emmanuel Lamblot,1 Hoard Court
629,Oliviero Kerslake,35 Kennedy Hill
630,Kirstyn Grombridge,4199 Bluestem Lane
631,Lebbie Lemmon,311 Aberg Plaza
632,Shanta Glenton,349 Larry Court
633,Willyt Pariss,760 Fieldstone Plaza
634,Shea Morant,1633 Spohn Plaza
635,Noami Frazier,081 Hovde Park
636,Skip Hutchens,670 Moulton Point
637,Virginia Petticrew,043 Sauthoff Road
638,Fern Willers,6386 Texas Crossing
639,Byram Andrys,71738 Talmadge Road
640,Katharine Dennitts,3515 Gateway Pass
641,Minta McGavin,935 Northport Pass
642,Beau Rentoul,93837 Sunnyside Drive
643,Bobbee Ochterlony,6762 Leroy Street
644,Annaliese Paterno,4 Westridge Pass
645,Bonny Symones,581 Laurel Hill
646,Tamra Bendig,61 Meadow Valley Drive
647,Anthe Cohane,31277 Golf Course Trail
648,Faulkner Bottoms,86250 Old Shore Park
649,Lynsey Haselden,4 Duke Center
650,Deborah Anthes,380 Mariners Cove Crossing
651,Phillis Cudihy,724 Bobwhite Terrace
652,Noam Espinosa,693 Washington Terrace
653,Glynis Ipwell,859 Wayridge Court
654,Berenice Faulder,090 Shasta Center
655,Odie O'Donegan,5220 Lawn Court
656,Weidar Edscer,69214 Moulton Circle
657,Rudy Hilldrop,19 Elmside Avenue
658,Katinka Pizer,46299 Laurel Lane
659,Zeb Bunhill,0570 Rigney Alley
660,Elene Danielian,83188 Quincy Park
661,Flem Billin,10820 Maryland Junction
662,Chevy Reach,1973 Granby Trail
663,Osborn Dearing,99458 Harper Alley
664,Deloris Liddiatt,927 Dakota Terrace
665,Diena Robert,2 Delaware Way
666,Axe Harg,7 Hayes Parkway
667,Evangeline Brunsdon,1081 Golf Course Pass
668,Lilly Duferie,51 Oak Valley Drive
669,Benoite Malinowski,169 1st Circle
670,Harold Codling,4006 Towne Crossing
671,Porter De'Vere - Hunt,54 Melvin Place
672,Pearline Candlin,3490 Carey Crossing
673,Petrina Ciciura,4 Lakeland Place
674,Elysee Wickwar,9182 Jenna Trail
675,Adolf Gillmor,9066 Hoffman Road
676,Katya Treverton,87 Northview Way
677,Wilfrid Mangion,54380 Hintze Hill
678,Margaretta Linskey,26211 Russell Road
679,Elie O'Neil,19773 Dexter Pass
680,Jessa Benez,9 Lakeland Pass
681,Michel Merida,5539 Orin Lane
682,Cletis Haggarth,73 Eagan Junction
683,Graig Dowley,8216 Messerschmidt Avenue
684,Joannes Fahrenbach,6791 Sundown Alley
685,Emmalee Witherington,43 Upham Lane
686,Nata Ritmeier,806 Hudson Plaza
687,Bradley Brouwer,2810 Fairview Plaza
688,Tracie Antognelli,92265 Kinsman Crossing
689,Janek Poor,9 Helena Center
690,Vina McNeigh,19 Sachtjen Terrace
691,Ringo Reay,071 Dahle Avenue
692,Kelly Itshak,1 Gerald Pass
693,Arvy Mathiassen,25589 Surrey Lane
694,Elonore Georgiev,540 Ludington Center
695,Ryan Gutans,05412 Continental Point
696,Whitby Sicily,93 Manitowish Place
697,Orly Bethell,6 Clyde Gallagher Hill
698,Stevana Hoggan,0904 Russell Way
699,Marika Buckie,40 Jackson Circle
700,Bink Skeemer,85547 Springview Street
701,Bernadina Peatman,3585 Jenifer Court
702,Erinn Twydell,781 Nevada Point
703,Dorella Baitson,390 Park Meadow Center
704,North Aleixo,81281 Forest Dale Way
705,Berkeley Cominetti,170 Oak Park
706,Roman de Werk,66 Sundown Hill
707,Bettine Elnaugh,427 Vahlen Point
708,Riki Eliasen,5384 Main Crossing
709,Ethelin Cruce,7 Rutledge Avenue
710,Annadiana Whillock,14881 Forster Terrace
711,Kathy Arkil,3365 Brown Road
712,Ardisj Kermeen,78 Stoughton Point
713,Donnell Cayley,24 Armistice Pass
714,Prudy Dooman,7996 Eagle Crest Terrace
715,Adina McCaskill,23760 Union Place
716,Oralie Leynagh,64962 Trailsway Drive
717,Pauline Isham,42 Clarendon Crossing
718,Velvet Haslehurst,8314 Johnson Alley
719,Timotheus Rimington,51 Logan Alley
720,Kalle McClory,71 Beilfuss Center
721,Ewan Kelway,904 Annamark Parkway
722,Nickey MacCaig,9 Bluejay Circle
723,Bernadette Medendorp,85474 Northfield Drive
724,Thorny Goodfield,31 Miller Crossing
725,Susi Stanes,8784 Express Way
726,Merle Blackly,985 Ohio Way
727,Elaine Atling,27513 Scott Plaza
728,Hetti Jessope,49853 Maple Wood Circle
729,Trefor Goult,4458 Helena Lane
730,Shae Southam,61 Golf Plaza
731,Danice Duguid,74 Harbort Street
732,Cobby Antczak,1 Forest Run Alley
733,Aline Camois,66231 Tennessee Terrace
734,Berenice Whalley,40262 Merchant Pass
735,Chrissy Strewther,92 Forest Center
736,Bryan Comport,308 Banding Way
737,Dolorita Skains,1057 Kinsman Circle
738,Ave Martindale,37 West Crossing
739,Dannie Goodier,526 Hazelcrest Center
740,Layne Flawith,3 Debs Parkway
741,Hester Humerstone,03 4th Place
742,Allison Jelf,90521 Melody Plaza
743,Kelcy Verrier,2414 Coleman Pass
744,Burl Van Baaren,8 Bunker Hill Junction
745,Hurleigh Behnecke,13577 Stone Corner Road
746,Pablo Maybury,858 Nobel Point
747,Montague Franceschelli,64969 Golf View Terrace
748,Bari Simmance,29 Schurz Alley
749,Flory Fremantle,02067 Arrowood Hill
750,Clemence Bleasby,4532 Everett Way
751,Chalmers Steward,57 Meadow Valley Street
752,Carin Dugall,8645 Starling Place
753,Pauline Innott,706 Ludington Junction
754,Magdalena Ellgood,07273 Dakota Lane
755,Jade Broadwood,0368 Village Trail
756,Jeff Wabersich,5 Stoughton Way
757,Pearl Hylton,3050 Anzinger Place
758,Dick Roddick,713 Myrtle Parkway
759,Lexie Main,17 Golf Hill
760,Rebekah Softley,601 Katie Lane
761,Kissie Elener,07 Mcguire Center
762,Yalonda Senogles,10 Orin Park
763,Shellysheldon Matisse,5055 Montana Terrace
764,Freddie Seamons,03 Menomonie Road
765,Juliette Puttergill,395 Farmco Street
766,Nathanial Flieger,510 7th Hill
767,Lesli Coult,10214 Glendale Court
768,Arnuad Bugdall,05386 Nancy Avenue
769,Winthrop Steptowe,126 Arrowood Terrace
770,York Kay,5444 Prairie Rose Drive
771,Mord Curwood,2 Eliot Parkway
772,Lucina Vorley,9932 Pankratz Parkway
773,Marnie Jickles,41 Veith Road
774,Had Oager,2543 Larry Avenue
775,Toby Sackur,7 Ohio Avenue
776,Rock Sondland,1 Forest Run Street
777,Baird O'Ferris,6 Golf View Pass
778,Thain Storrock,803 Grayhawk Hill
779,Jesse Parke,8492 Milwaukee Hill
780,Geoffry Balleine,01165 Grover Court
781,Frank Hardaker,4 Algoma Alley
782,Hannie Gristwood,75872 Welch Center
783,Fabe Huddlestone,70334 Green Ridge Center
784,Fern Prout,89385 Old Gate Parkway
785,Emlen Le Sieur,7081 Straubel Avenue
786,Diahann Burnham,0 Hudson Plaza
787,Rebbecca Cozens,719 Hanover Hill
788,Ty Sorrie,94161 American Alley
789,Welsh Comelli,0436 Carpenter Court
790,Brandea Kerin,20 Hansons Avenue
791,Tricia Undy,431 Westend Terrace
792,Ferdie Petrovic,173 Glendale Parkway
793,Alicea Syrett,5951 Porter Junction
794,Marrissa Strudwick,5 Londonderry Avenue
795,Galven Spawforth,9 Paget Drive
796,Phillida Annes,22969 Mariners Cove Plaza
797,Stephani Marquet,6057 Vernon Road
798,Bentlee Circuit,0215 Badeau Parkway
799,Serge Neilands,587 Northridge Junction
800,Magda Kubica,2 Havey Road
801,Adolph Novotni,216 Del Sol Pass
802,Kaitlin Christian,37118 Sullivan Avenue
803,Itch Edyson,43693 Everett Place
804,Elberta Jost,049 West Crossing
805,Tiertza McAlindon,81765 Jenna Road
806,Caroline Jermy,5 Sage Lane
807,Fabe Covolini,518 Sunbrook Point
808,Mable Mauditt,3533 Fieldstone Pass
809,Farica Sheddan,49 Hintze Plaza
810,Adelind Ducarne,4985 Coleman Road
811,Giordano Tilburn,16154 Truax Place
812,Vivienne Longson,3 Nevada Drive
813,Corinna Cocklie,8 Mosinee Road
814,Veronike Trewhela,14 Crownhardt Road
815,Conroy Boultwood,91 Kropf Alley
816,Claudian Claessens,8 Tennyson Court
817,Letta Dibson,35181 Waubesa Street
818,Phyllis Lowrie,546 Mockingbird Trail
819,Zola Baine,3 Warbler Center
820,Rhiamon Wrighton,65641 Loeprich Road
821,Koo David,71 Valley Edge Parkway
822,Mia Spenley,37859 Moose Terrace
823,Gilberto Bigby,5 Browning Street
824,Dulciana Halgarth,812 Northfield Junction
825,Carney Roff,67 Namekagon Way
826,Stella Gissing,9877 Pennsylvania Point
827,Alyosha Cleaton,8 Lake View Court
828,Yorgo Dow,652 Onsgard Parkway
829,Riobard Gozney,037 Crownhardt Place
830,Golda Combe,38 Union Junction
831,Filia Brehat,07652 Cody Crossing
832,Jada Romanelli,12736 Hanson Junction
833,Cristin Loder,677 Kipling Lane
834,Trueman O' Sullivan,97 Summit Junction
835,Gilles Brasted,979 Duke Plaza
836,Vannie Maris,137 Del Mar Park
837,Jens Tibb,18173 Boyd Avenue
838,Meade Cholonin,4 Norway Maple Pass
839,Quent Hargreave,45 Knutson Way
840,Shawn Jahnisch,4851 Lunder Street
841,Polly Boothroyd,2 Northland Point
842,Melloney O'Quin,5 Thierer Circle
843,Juliana Bilsland,7519 Sutherland Way
844,Codi Belvard,747 North Drive
845,Dov Bubear,9756 Kennedy Hill
846,Jobie Firth,48148 5th Lane
847,Brew Attenbrough,591 Anhalt Way
848,Lucky McAllaster,524 Eastwood Plaza
849,Eulalie Kinsman,8561 Fuller Point
850,Mar Larkkem,50 Reindahl Pass
851,Sadie Jermin,15 Tomscot Hill
852,Rasia Tomasini,2213 Ryan Street
853,Jim Curtoys,2 Kropf Crossing
854,Lynde Atrill,502 West Way
855,Errol Obbard,0 Dapin Place
856,Jay Hruska,4441 Harbort Circle
857,Raven Kelwaybamber,2 Dexter Trail
858,Addi Firby,29286 Corry Court
859,Wilden Reeken,62608 Clemons Alley
860,Erna Malimoe,0 Karstens Lane
861,Abigael Curwen,374 Lakewood Center
862,Yurik Deery,2 Springview Hill
863,Barbabra Larkin,1 Carey Park
864,Gay Kleeman,0268 Schlimgen Road
865,Amos MacCart,3 Browning Lane
866,Letisha Scoates,8 Red Cloud Pass
867,Cobb Wakes,9 Sheridan Parkway
868,Chloette Chansonnau,9294 Arapahoe Alley
869,Eziechiele Laybourne,784 Scott Street
870,Darrel Mereweather,57131 Buhler Place
871,Alexandros Gresch,508 Commercial Street
872,Petey Gorham,9313 Main Avenue
873,Zebulon Linge,0750 Browning Crossing
874,Clark Gleed,68655 Bluestem Plaza
875,Mikol Touhig,52 Kensington Terrace
876,Alistair MacSharry,357 Spaight Park
877,Ambur Posselow,3126 Dawn Junction
878,Algernon Bottom,31450 Ohio Parkway
879,William Danis,8 Jay Park
880,Olin Arrault,7 Little Fleur Crossing
881,Quinton Caiger,712 Armistice Road
882,Duff Heavyside,06115 Cambridge Road
883,Holly-anne Huntingford,448 Schiller Avenue
884,Nicolis Vinsen,6354 Pierstorff Lane
885,Del Fretter,9 Thackeray Place
886,Weber Lorking,98 Luster Circle
887,Petronia Faulkner,72517 Prairieview Place
888,Mildrid Bickerton,09999 Moulton Trail
889,Albrecht Kuhnwald,13 Autumn Leaf Road
890,Augustina McKern,38175 Ruskin Alley
891,Mitchel Mowsdale,749 Jana Way
892,Annora Amott,45693 Northridge Road
893,Corny Scroggs,5860 Portage Trail
894,Karilynn Shalloe,8965 Hintze Avenue
895,Sax Hanson,9378 Moland Parkway
896,Bay Carlyon,09 Erie Drive
897,Earvin Cardiff,61011 Rieder Street
898,Elton Childerley,4715 Novick Pass
899,Earvin Gettens,6 Sutherland Lane
900,Richardo Thornewell,4 Messerschmidt Place
901,Ali Caldero,00153 Barnett Alley
902,Clare Di Biagio,49889 Kensington Road
903,Ricky Pawnsford,2688 Sheridan Parkway
904,Dory Serjeantson,09 Twin Pines Point
905,Anna Totton,774 Stone Corner Way
906,Fleur Worswick,5 Carpenter Trail
907,Sherline Doldon,97920 Carberry Drive
908,Ketti Argile,379 Debra Lane
909,Tandie Baggiani,6613 Grasskamp Road
910,Ardeen Illingworth,399 Golf Course Lane
911,Aubrey Harrod,30 Shoshone Court
912,Brooke Abramovitz,03810 Nova Place
913,Herve Ryce,6 Menomonie Terrace
914,Rolland Schoffel,742 Monument Junction
915,Skye Esilmon,49 Shopko Parkway
916,Gherardo Carles,00935 Waywood Pass
917,Leland D'Ambrosi,1 Pepper Wood Terrace
918,Flory Whebell,161 Annamark Pass
919,Wilona McCole,1 South Hill
920,Dierdre Lethbury,394 Summer Ridge Park
921,Marlow Drohane,4 Fulton Parkway
922,Denys Annice,61237 Bluestem Avenue
923,Ruperta Godfree,64975 Colorado Alley
924,Matthias Smetoun,47663 Donald Point
925,Zondra Coggan,47371 Thompson Way
926,Rebe Aireton,33 Prentice Court
927,Danell Grandin,6 Spaight Center
928,Cathee Baldocci,7 Sutteridge Plaza
929,Quinta Hutten,68683 Steensland Court
930,Claire Beazer,5 4th Circle
931,Aleen Peploe,96041 Corscot Alley
932,Erl Trollope,432 Loeprich Parkway
933,Norry Hunnicot,8503 Blue Bill Park Drive
934,Alejandra Longbone,74 8th Point
935,Corenda Whitebread,593 Barnett Terrace
936,Wernher Gerrietz,4 Sugar Park
937,Vickie Beven,46 Sommers Circle
938,Saxon Gibben,03 Gerald Hill
939,Odey Ovey,421 Fairfield Hill
940,Constancia Rattenbury,01 Monument Road
941,Brenden Kaming,29602 Leroy Junction
942,Lexi Deerness,6207 Eggendart Avenue
943,Melisandra Danieli,949 Petterle Crossing
944,Caren Tilliard,3787 Dunning Place
945,Shandeigh Agglio,307 Ludington Street
946,Percival Bagshaw,3823 Carey Hill
947,Ellen Tedridge,4971 Beilfuss Lane
948,Lucho Wankel,2009 Debs Parkway
949,Maryrose Kimmings,4467 Oak Valley Plaza
950,Budd Antonescu,09 Packers Place
951,Ailsun Portchmouth,9367 Heffernan Trail
952,Odetta Salling,14469 4th Pass
953,Othilia Daud,335 Ohio Way
954,Ebba Westney,5 Paget Terrace
955,Tracey Arber,15221 Eagle Crest Plaza
956,Langsdon Feilden,5979 Monterey Alley
957,Chrissie Pawlyn,8684 Vahlen Plaza
958,Beatrisa Pinnion,0344 Rieder Point
959,Ramsay Lennie,40752 Hoffman Parkway
960,Oralla Iwanowski,54 Sommers Lane
961,Greggory Waddoups,4130 Namekagon Alley
962,Germain Donisthorpe,6515 Arkansas Center
963,Sisely Gonsalo,77909 Meadow Vale Park
964,Cathe Broadway,864 Declaration Avenue
965,Tiffi Budd,7 Bowman Street
966,Raine Cranidge,4 Starling Court
967,Salvatore Aitkenhead,2817 Butterfield Hill
968,Margarita Lawford,65365 American Ash Avenue
969,Veradis Burnitt,62 Pine View Junction
970,Herta Hammett,665 Troy Hill
971,Cherilyn Sigward,25848 Melody Road
972,Audre Croxford,0035 Fieldstone Hill
973,Delores Dunstan,06 Vernon Avenue
974,Brion Le Claire,342 Fulton Crossing
975,Jarrad Swabey,5314 Maple Wood Hill
976,Emilie Jarred,5774 Reinke Way
977,Eden Heaps,89 6th Circle
978,Elinore Jirka,60871 Helena Plaza
979,Wrennie Thomel,89715 Marcy Place
980,Colette Gobeaux,195 Heffernan Park
981,Avery Bumpus,165 Loomis Terrace
982,Emlyn Allonby,86 Hauk Junction
983,Jobey Pengelly,76 Montana Way
984,Jobie Addie,86 Mayer Avenue
985,Noni Reinbech,9 Lyons Crossing
986,Olivero Berens,88 Pierstorff Crossing
987,Town Cunde,17225 Mesta Avenue
988,Dalli Syversen,4172 Doe Crossing Court
989,Gweneth Hurley,388 Nova Road
990,Sam Choat,271 Beilfuss Junction
991,Keene Sclater,77088 Fairview Hill
992,Chrisy Killgus,400 Ridgeview Center
993,Lyda Lemanu,4 Oakridge Drive
994,Harman Slamaker,13 Lake View Center
995,Tessa Ferneley,635 Warbler Place
996,Laurel Abriani,1 Almo Lane
997,Callida Kinningley,9846 Mifflin Drive
998,Truman Pipkin,78545 Caliangt Terrace
999,Germain Eborall,8 Linden Point
1000,Reagen Vardon,16684 Cherokee Lane
