name,location,login
Carmel Kohneke,Jing’an,ckohneke0
Sammy Burtenshaw,San José,sburtenshaw1
Sula Nutbrown,Anqing,snutbrown2
Allis Dyhouse,Bato,adyhouse3
Georgeta Pyser,Fucheng,gpyser4
Sabine Chaters,Río Limpio,schaters5
Fiona Sturman,Celica,fsturman6
Rip Bensusan,Érd,rbensusan7
Gregoire Pulley,Stapleford,gpulley8
Jenni Ivamy,Zhaigang,jivamy9
Crawford Rubica,Khairpur Nathan Shāh,crubicaa
Lesley Stainland,Yangtan,lstainlandb
Deny Clelland,Kadaka,dclellandc
Hew Secret,Gugut,hsecretd
Winslow Nesey,Aţ Ţawīlah,wneseye
Quintus Ibarra,Miasskoye,qibarraf
Vic Rysom,Bulu,vrysomg
Polly MacGahey,San Agustín de Valle Fértil,pmacgaheyh
Jean Dionisi,Tunjë,jdionisii
Robinette McQuilkin,Capilla del Monte,rmcquilkinj
Cody Griswaite,Ōkawara,cgriswaitek
Ara Gherardi,Bunobogu,agherardil
Ryan Locks,Narbonne,rlocksm
Babb Sweatland,Baopukang,bsweatlandn
Tedra Gauford,Lembur Tengah,tgaufordo
Fredrika Adame,Cheonan,fadamep
Melita Bourget,Cherëmushki,mbourgetq
Berget Havill,Ashtarak,bhavillr
Vinita Waldie,Alcácer do Sal,vwaldies
Ramonda Scotney,Butwāl,rscotneyt
Janos Thowes,Sigavé,jthowesu
Buddie Poizer,Avignon,bpoizerv
Shandee Bound,Anshan,sboundw
Caril Eathorne,Zarichchya,ceathornex
Ambur Carff,Akat Amnuai,acarffy
Daniele Sarney,Tiantang,dsarneyz
Brien Larraway,Nanwai,blarraway10
Peterus Doubrava,Yangzhuang,pdoubrava11
Daffie Smellie,Truskavets,dsmellie12
Enrico Brydie,Dragash,ebrydie13
Wendi Dixey,Palca,wdixey14
Blanche Blodg,Sośno,bblodg15
Skip Laxen,Waddān,slaxen16
Jonathan Banger,Tiarei,jbanger17
Chadwick Kyte,Sinjār,ckyte18
Carry Cowpe,Aoqiao,ccowpe19
Jacqueline Guiducci,Mach,jguiducci1a
Marne Nunson,Yanghe,mnunson1b
Chrotoem Deplacido,Kysyl-Syr,cdeplacido1c
Jordan Lutwyche,San Ignacio de Tupile,jlutwyche1d
Roxanna Klossmann,Xuanhua,rklossmann1e
Delbert Learned,Lajeado,dlearned1f
Duffie Connor,Myasnikyan,dconnor1g
Marcelle Bisiker,Tegarenkrajan,mbisiker1h
Clarita Comelli,Maribong,ccomelli1i
Willie Novotni,Rio Piracicaba,wnovotni1j
Tiphani Robken,Francisco Villa,trobken1k
Corbet Linay,Agat Village,clinay1l
Lottie Mannie,Primorsko-Akhtarsk,lmannie1m
Judi Pavlik,Zborište,jpavlik1n
Jacquenetta Manders,Bicos,jmanders1o
Shem Libero,Pasirjengkol,slibero1p
Maiga O'Fogerty,Sunagawa,mofogerty1q
Randell Gencke,Kampungtengah,rgencke1r
Hillery Anthoin,Sovetskiy,hanthoin1s
Ivan Arnaut,Passo Fundo,iarnaut1t
Petronella Gruszka,Laoxingchang,pgruszka1u
Luce Salazar,Tangwu,lsalazar1v
Sheelah Slinn,Novotroitsk,sslinn1w
Ewart Pays,Beixin,epays1x
Gabriell Westlake,Checun,gwestlake1y
Charlene Barts,Kurunegala,cbarts1z
Oralle Sommerled,Okunoya,osommerled20
Waylon Phythian,Saḩab,wphythian21
Zebadiah Membry,Hrvatska Kostajnica,zmembry22
Edie Kenningley,Jiefu,ekenningley23
Amerigo Tomadoni,Taber,atomadoni24
Alina Geikie,Majie,ageikie25
Efrem Selborne,Fuwah,eselborne26
Rollin Duns,Albanel,rduns27
Noelle Maxwell,Melong,nmaxwell28
Sybille Buey,Mueang Nonthaburi,sbuey29
Fara Reece,Beaverlodge,freece2a
Hillard Gellately,Placencia,hgellately2b
Aubrey Radeliffe,Beaverlodge,aradeliffe2c
Shaylyn Thom,Umm as Sāhik,sthom2d
Alie Ryley,Constanza,aryley2e
Friedrich Imlaw,Jianggezhuang,fimlaw2f
Roxine Wellan,Guapimirim,rwellan2g
Nealon Sherr,Río Blanquito,nsherr2h
Rochella Monnelly,Alcorriol,rmonnelly2i
Smitty Flecknoe,Bodĭ,sflecknoe2j
Chic Dodgshon,Laguna de Perlas,cdodgshon2k
Timmy Organ,Samacá,torgan2l
Tara Handling,Wesoła,thandling2m
Amory Thomasset,Chaoyang,athomasset2n
Conrade Hubber,Jing’an,chubber2o
Madalena Heams,Kozhva,mheams2p
Demetri Boriston,Yefimovskiy,dboriston2q
Marmaduke Peacham,Postojna,mpeacham2r
Karel Walklett,Honglin,kwalklett2s
Aurelea Skayman,Dongping,askayman2t
Sari Durram,Daxin,sdurram2u
Hyman De Laci,Ceranów,hde2v
Fredrick Oleszczak,Quetigny,foleszczak2w
Levy Tippell,Ymittos,ltippell2x
Monah Bompass,Fu’an,mbompass2y
Evita Willson,Khāndbāri,ewillson2z
Jasun Jiles,Shouchun,jjiles30
Borden Sinkinson,Hroznětín,bsinkinson31
Max Arthan,Perpignan,marthan32
Berta Biddiss,Novi Vinodolski,bbiddiss33
Evvie Idwal Evans,Doblas,eidwal34
Adelice Smiley,Goght’,asmiley35
Rosella Fosdick,Guiniculalay,rfosdick36
Bourke Dewett,Isiro,bdewett37
Enrico Hearst,Kasturi,ehearst38
Bibi Georgiev,Kumo,bgeorgiev39
Arabelle Crook,Pokhvistnevo,acrook3a
Hanson Ruter,Kol’chugino,hruter3b
Almeta Mebius,Calachuchi,amebius3c
Ashli Keher,Sacramento,akeher3d
Mar Maffezzoli,Richibucto,mmaffezzoli3e
Karry Ghidini,Liuzuo,kghidini3f
Carmelina Dalziel,Tempeh Tengah,cdalziel3g
Stephani Giabuzzi,Kinsealy-Drinan,sgiabuzzi3h
Anabelle Merredy,Baimi,amerredy3i
Cynthy Spitaro,Kedungdoro,cspitaro3j
Gwendolyn Branca,Butha-Buthe,gbranca3k
Billie Winks,Mekarsari,bwinks3l
Junie Barnham,Kaliuda,jbarnham3m
Rory Atack,Xinzhaiping,ratack3n
Pail Jury,Tancheng,pjury3o
Marylin Faill,Changliang,mfaill3p
Javier Hatwell,Hongshanzui,jhatwell3q
Marley Sudran,Trảng Bom,msudran3r
Nell Betteney,Nkove,nbetteney3s
Albertine Romaynes,Peachland,aromaynes3t
Daryl Rushsorth,Babakanbandung,drushsorth3u
Helga Boatright,Sai’erlong Xiang,hboatright3v
Idalia Toy,Jocotenango,itoy3w
Arri Cleft,Nanyaojie,acleft3x
Nessi Gerling,Emiliano Zapata,ngerling3y
Marcelline O'Mullaney,Namangan Shahri,momullaney3z
Rycca Lorkin,Tëplaya Gora,rlorkin40
Oneida Gretton,Ruangwa,ogretton41
Anita Belding,Atiquizaya,abelding42
Daniella Tremmel,Wendo,dtremmel43
Dyann Colkett,Newton,dcolkett44
Rey Doey,Kokshetau,rdoey45
Winn McAnellye,Dongtai,wmcanellye46
Gerald Arkley,Novoshakhtinsk,garkley47
Minna Gartside,Kladovo,mgartside48
Fern Deinert,Chantal,fdeinert49
Pattie Benford,Açucena,pbenford4a
Mariann Pairpoint,Marinha,mpairpoint4b
Emalia Readett,Kinango,ereadett4c
Rodolph Cruikshank,Kiyevskoye,rcruikshank4d
Rafferty Syfax,Kavieng,rsyfax4e
Eamon Kiehne,Amsterdam-Oost,ekiehne4f
Juliette Scotfurth,Huazhuang,jscotfurth4g
Emili Bitterton,Ventsy,ebitterton4h
Elinor Prendeville,Portão,eprendeville4i
Clarey Copner,Koceljeva,ccopner4j
Loralyn Hale,Otllak,lhale4k
Annnora Girardini,Dateng,agirardini4l
Tracee Beatey,Faruka,tbeatey4m
Birk Kebbell,Cigaluh,bkebbell4n
Roman Settle,Potou,rsettle4o
Matilda Rambaut,Raleigh,mrambaut4p
Agnesse Graser,Young America,agraser4q
Bing Pardue,Nikita,bpardue4r
Howey Erangy,Hecun,herangy4s
Erasmus Nelsey,Xichehe,enelsey4t
Tannie Blatherwick,Lalig,tblatherwick4u
Gwenore Gilvear,Alqueva,ggilvear4v
Matelda Standfield,Taocheng,mstandfield4w
Gabi Cockshtt,Jankovec,gcockshtt4x
Rudyard Holtum,Longhe,rholtum4y
Claretta Roseman,Warmbaths,croseman4z
Simonette Kuhle,Soufrière,skuhle50
Alejandra Templeton,Jincheng,atempleton51
Randy Stebbings,Īz̄eh,rstebbings52
Trefor Shepton,La Cruz,tshepton53
Christa Deane,Tha Tako,cdeane54
Myranda Spawell,Toungo,mspawell55
Chrystel Reynoldson,Pointe-à-Pitre,creynoldson56
Becki Faireclough,Afántou,bfaireclough57
Alasdair Haquin,Lisewo,ahaquin58
Hakeem Hurcombe,Faḩmah,hhurcombe59
Michele Hofler,Daugavgrīva,mhofler5a
Gonzalo Cline,Mobile,gcline5b
Aurore Stitson,Wentugaole,astitson5c
Herrick Verrill,Rathdrum,hverrill5d
Cassius Nilles,Bundoc,cnilles5e
Dyane Raggles,Maying,draggles5f
Zacharias Maliffe,Asan Kumbang,zmaliffe5g
Janette Curless,Pelem,jcurless5h
Jamie McKoy,Sanya,jmckoy5i
Gretna O'Cosgra,Karlskrona,gocosgra5j
Joanna Brabant,Gaspra,jbrabant5k
Mariellen Sealove,Shimorskoye,msealove5l
Sheela Munford,Tanagara,smunford5m
Thalia Treffry,Salyan,ttreffry5n
Adda Dunford,Raciąż,adunford5o
Wylma Doby,Agios Dimitrios,wdoby5p
Westleigh Libermore,Hajeom,wlibermore5q
Waverley Simacek,Jujur,wsimacek5r
Cristobal Krishtopaittis,Severoural’sk,ckrishtopaittis5s
Murvyn Reffe,Rosa Zarate,mreffe5t
Shara Gillicuddy,Al Hāshimīyah,sgillicuddy5u
Garv Shannon,Shuangxiqiao,gshannon5v
Paulo Skacel,Jianlong,pskacel5w
Pauli Woodrup,Suisan,pwoodrup5x
Brynna Clipsham,Anping,bclipsham5y
Joice Valder,Bitanjuan,jvalder5z
Meghan Herion,Stockholm,mherion60
Timothee Hebson,Rio Meão,thebson61
Eduardo McGrayle,Lazaro Cardenas,emcgrayle62
Penny Abby,Quthing,pabby63
Claus Coytes,Fatou,ccoytes64
Berte Dunniom,Ocongate,bdunniom65
Davie Willmont,Sbo’o,dwillmont66
Emile Carruth,Jaunpiebalga,ecarruth67
Jess Esterbrook,Kolkhozobod,jesterbrook68
Jobi MacDuff,Katyuzhanka,jmacduff69
Trevor Cull,Tianhe,tcull6a
Flynn Nassi,Shadrinsk,fnassi6b
Cletis Blackly,Lemahputih,cblackly6c
Lowell O'Flaverty,Bangkalan,loflaverty6d
Frederico Talton,Taiba,ftalton6e
Godfry Rosenkrantz,Dromiskin,grosenkrantz6f
Sophronia Rollinshaw,Chantilly,srollinshaw6g
Kendricks Goom,Korosten’,kgoom6h
Sophi Levine,Aix-en-Provence,slevine6i
Erhard Seiler,Olival,eseiler6j
Roderich Boutwell,Ceelbuur,rboutwell6k
Celie Kmietsch,Okcheon,ckmietsch6l
Jeanelle Cossins,Cibeunying,jcossins6m
Marabel Coda,Yermolayevo,mcoda6n
Nadine Pingston,Jambeyan,npingston6o
Mervin Ditty,Choroszcz,mditty6p
Tate Perrigo,Mulhouse,tperrigo6q
Donelle Cattlemull,Zhaigang,dcattlemull6r
Morgen Grishanin,Nagano-shi,mgrishanin6s
Alick Mangenet,Haninge,amangenet6t
Shae Ovett,Lobos,sovett6u
Mona Frame,Cahors,mframe6v
Antone Bullan,San Jose,abullan6w
Dyna O'Roan,Sansanné-Mango,doroan6x
Kim Bawcock,Yanhe,kbawcock6y
Carrie Fricker,Kungsör,cfricker6z
Catherin Cackett,Pore,ccackett70
Linell Snasdell,Sekondi-Takoradi,lsnasdell71
Mallory Partener,Chayuan,mpartener72
Travus Haste,Caidian,thaste73
Cam Borthwick,Sallanches,cborthwick74
Maynard McInally,Yeşilköy,mmcinally75
Arvie Doddrell,Mannheim,adoddrell76
Kristos Labbati,Lonya Chico,klabbati77
Mareah Portwaine,Copa,mportwaine78
Dilly MacMaster,Martanesh,dmacmaster79
Roland Buckoke,Çepan,rbuckoke7a
Leigh Welford,Ban Phai,lwelford7b
Jordan Yeoman,Jequié,jyeoman7c
Gabbie Colaco,Baytā al Fawqā,gcolaco7d
Daniele Hazel,Kamárai,dhazel7e
Dorri Classen,Villa Mercedes,dclassen7f
Mallory Mildmott,Tsibulev,mmildmott7g
Roxane Langdon,Bulangan,rlangdon7h
Danella Simak,Ngangguk,dsimak7i
Giselle Haliday,Rantauambacang,ghaliday7j
Raina Barns,Straszydle,rbarns7k
Bail Cassedy,Dongcheng,bcassedy7l
Forester Finney,Višňové,ffinney7m
Paulette Elecum,El Charco,pelecum7n
Nannie Snoxall,Eqbālīyeh,nsnoxall7o
Adrianne Fisher,Abaza,afisher7p
Bradford Whooley,Xinning,bwhooley7q
Melvyn Speare,Jeremoabo,mspeare7r
Lalo Yesichev,Palopo,lyesichev7s
Josiah Dear,Sydney South,jdear7t
Aurora Meechan,Kungsbacka,ameechan7u
Brina Shippey,Qujiang,bshippey7v
Letisha Deinhardt,Mesa,ldeinhardt7w
Fawnia McGonagle,Marinilla,fmcgonagle7x
Hewe Chason,Eastern Suburbs Mc,hchason7y
Kayle Houlahan,Mbuji-Mayi,khoulahan7z
Harper MacVagh,Yingshouyingzi,hmacvagh80
Addison Davenall,Yamaranguila,adavenall81
Francine Paslow,Sunja,fpaslow82
Urbain Vowell,Sterling,uvowell83
Stella Hicklingbottom,Cubatão,shicklingbottom84
Kristian Coaster,Bailiang,kcoaster85
Cecilio Culver,Rybinsk,cculver86
Cacilia Wikey,Moncada,cwikey87
Karin Feasey,Hawassa,kfeasey88
Jyoti Trask,San Cristobal,jtrask89
Damian Neles,Saba Yoi,dneles8a
Jaclyn Speechly,Fuxing,jspeechly8b
Emmanuel Edson,Wang Noi,eedson8c
Tito Luxton,Huquan,tluxton8d
Euphemia Trahar,Topi,etrahar8e
Jeremie Livick,Chipoka,jlivick8f
Luca Miko,Port Harcourt,lmiko8g
Garv Bakhrushin,San Carlos,gbakhrushin8h
Derril Shieber,Batal,dshieber8i
Owen Mulran,Naikolan,omulran8j
Filia Rentcome,Puerto Mayor Otaño,frentcome8k
Carley Roggeman,Kisumu,croggeman8l
Loutitia Brockway,Orhei,lbrockway8m
Zulema Mulbery,Mandalt,zmulbery8n
Felike Rubinek,Stęszew,frubinek8o
Janetta Betty,Shuvakish,jbetty8p
Carolynn Trime,Szubin,ctrime8q
Lawton Brackenridge,Rebe,lbrackenridge8r
Berni McDonnell,Carmen de Viboral,bmcdonnell8s
Jeni Jose,Aghavnatun,jjose8t
Archy Devinn,Novikovo,adevinn8u
Yanaton Braiden,Castro,ybraiden8v
Ricardo Erley,Nanaimo,rerley8w
Reamonn Goudie,Grande Rivière Noire,rgoudie8x
Horatius Gargett,Itapemirim,hgargett8y
Nicol Le Bosse,Nový Hrozenkov,nle8z
Mei Lepere,Bedayutalang,mlepere90
Lyndsey Krzyzowski,Metković,lkrzyzowski91
Layla Wasmer,Molchanovo,lwasmer92
Woody Havick,Buritis,whavick93
Binny Gow,Robertsport,bgow94
Chris Pepi,São Bento,cpepi95
Karlen Caulier,Binlod,kcaulier96
Weston Broxis,Bagacay,wbroxis97
Julius Pearl,Finspång,jpearl98
Rafaelia Whitlock,Ostroróg,rwhitlock99
Anthia Gronous,Boston,agronous9a
Karlene Cranfield,Tangchijie,kcranfield9b
Kacy Le - Count,Changgang,kle9c
Roshelle Bulley,Rana,rbulley9d
Tuesday Buist,Luzhang,tbuist9e
Clarinda Uttley,Bulawayo,cuttley9f
Wat Raftery,Tsaghkahovit,wraftery9g
Chery Yair,Gading,cyair9h
Alano Bonsall,Zhangxi,abonsall9i
Anica Piperley,Krasiczyn,apiperley9j
Linus Richings,Uddevalla,lrichings9k
Symon Corton,Bessonovka,scorton9l
Tiffie Coppo,Zaraza,tcoppo9m
Paco Albrook,Warungbuah,palbrook9n
Vicky Hubbart,Nawu,vhubbart9o
Klarrisa Cropton,Taozhuang,kcropton9p
Tiff Piddock,Notre-Dame-de-l'Île-Perrot,tpiddock9q
Katey Briereton,Postřelmov,kbriereton9r
Jeannette Deverille,Quatá,jdeverille9s
Herminia Laundon,Skarżysko-Kamienna,hlaundon9t
Yvon Cartmer,Eg,ycartmer9u
Nicky Savory,Katsuura,nsavory9v
Barbabas Storrock,Biograd na Moru,bstorrock9w
Hastie Kryszka,Sattahip,hkryszka9x
Charis Flageul,Bandeirantes,cflageul9y
Pembroke Jarrette,Santa Monica,pjarrette9z
Maddie Wardesworth,Ciawitali,mwardeswortha0
Stormy Millwater,Hägersten,smillwatera1
Melloney Tofpik,Guadalupe,mtofpika2
Del Zapatero,Manggissari,dzapateroa3
Bale Campsall,Atimonan,bcampsalla4
Dosi Shortan,Padaran,dshortana5
Meris Draisey,Dul’durga,mdraiseya6
Zorana Lebourn,Calvário,zlebourna7
Bettine Revey,Escola,breveya8
Lorenzo Gages,Nybro,lgagesa9
Hale Orthmann,La Soledad,horthmannaa
Marcelline Eagland,Albardón,meaglandab
Elisa Kinvan,Issad,ekinvanac
Tildy Rothert,Halden,trothertad
Micky Jewks,Sabirabad,mjewksae
Abdul Sivier,Quimper,asivieraf
Layney Kenwin,Petro-Slavyanka,lkenwinag
Tory Caws,Uchimaru,tcawsah
Nahum Dominelli,Kengkou,ndominelliai
Betsy McNeilly,Montpellier,bmcneillyaj
Bernete Wheelan,Lycksele,bwheelanak
Celia Godsafe,Futang,cgodsafeal
Fritz Kiehl,Tanudan,fkiehlam
Clea Blair,Antopal’,cblairan
Clem Amiable,Lérida,camiableao
Mendy Vasentsov,Tursunzoda,mvasentsovap
Rudd Planque,Teluksantong,rplanqueaq
Eduard Diben,Gagarin,edibenar
Edd Copeman,Zhangdun,ecopemanas
Bethina Farmiloe,Ponte Nova,bfarmiloeat
Mellisa Sprosson,San Carlos,msprossonau
Flinn Moxley,Ludvika,fmoxleyav
Sheilah Tolomei,Timrå,stolomeiaw
Tarra Khomin,Vojnić,tkhominax
Rafaellle Inworth,Chipyela,rinworthay
Elysee Proudlock,Krasnogorodskoye,eproudlockaz
Hertha Crowdson,Huyuan,hcrowdsonb0
Lindsey Meaking,Panyuran,lmeakingb1
Anne Ferrucci,Sakule,aferruccib2
Nobie Dowrey,La Concepción,ndowreyb3
Ericha Paradine,Ar Rawḑah,eparadineb4
Ash Heather,Riangblolong,aheatherb5
Hew Sendley,Banggel,hsendleyb6
Lynnelle Leeke,Fatuhilik,lleekeb7
Gaston Ingolotti,Primošten,gingolottib8
Almire Lovelady,Oemofa,aloveladyb9
Enoch Kerss,Halton,ekerssba
Georgeanne Bridle,Kalemie,gbridlebb
Elena Cleiment,Nong Bua Lamphu,ecleimentbc
Neila Chalice,Sumurber,nchalicebd
Ephrem Feldmus,Pristen’,efeldmusbe
Padriac Penberthy,Bizana,ppenberthybf
Burton Boyton,Qukuhu,bboytonbg
Waverley Lackington,Qinglin,wlackingtonbh
Kaitlynn Shackesby,Wailebe,kshackesbybi
Trip Kemp,Czyżowice,tkempbj
Reiko Savary,Ndélé,rsavarybk
Fredra Jakoubec,Surcubamba,fjakoubecbl
Rudie Osmond,Manabo,rosmondbm
Johanna Vile,Leigao,jvilebn
Emmalynn Learmonth,Loučovice,elearmonthbo
Raul Greenall,Tutut,rgreenallbp
Fidole Duinbleton,Ādaži,fduinbletonbq
Vivien Olle,Mohammedia,vollebr
Arny D'Ambrogio,Strängnäs,adambrogiobs
Barris Gauler,Xinhua,bgaulerbt
Leeanne Jandourek,Pakisaji,ljandourekbu
Neely Churching,Xinglong,nchurchingbv
Yevette Cobello,Bolaoit,ycobellobw
Brenn Hitscher,Chaves,bhitscherbx
Johanna Yerill,Lagangilang,jyerillby
Ania Godrich,Igaraçu do Tietê,agodrichbz
Dayna Dearell,Ponce,ddearellc0
Stanfield Westrip,Polonne,swestripc1
Lou Gleasane,Manūjān,lgleasanec2
Kelley Osanne,Namysłów,kosannec3
Dougie Freemantle,Sepulu,dfreemantlec4
Tann Charnick,Karviná,tcharnickc5
Warner Kinchin,Zhongling,wkinchinc6
Debbi Lissandre,Lamphun,dlissandrec7
Kipper Dwight,Huansheng,kdwightc8
Karlan Beetlestone,Miki,kbeetlestonec9
Nikoletta Connar,Shanghu,nconnarca
Farah McQuie,Gonghe,fmcquiecb
Courtnay Meldon,Hovorany,cmeldoncc
Shaw Dunning,Al Ḩajar al Aswad,sdunningcd
Betti Pacht,Boden,bpachtce
Minnnie Pringour,Järfälla,mpringourcf
Lauryn Beney,Pinayagan Norte,lbeneycg
Bank End,Santa Rosa de Cabal,bendch
Nerissa Aldington,Parreira,naldingtonci
Tobey Pennigar,Guazapa,tpennigarcj
Lorrie Themann,Obanazawa,lthemannck
Farley Krelle,Novovoronezh,fkrellecl
Emera Arington,Nikulino,earingtoncm
Gan Goulter,Sanshengyuan,ggoultercn
Thatcher Rubens,Ljubešćica,trubensco
Garrek Colten,Arevshat,gcoltencp
Minnaminnie Emtage,Da Nang,memtagecq
Marlo Fellow,Wukang,mfellowcr
Pascal Wolfer,Ovsyanka,pwolfercs
Eben Dalgety,Changning,edalgetyct
Briano Stouther,Gereykhanovskoye,bstouthercu
Duane Storkes,Morón,dstorkescv
Dierdre Gaines,København,dgainescw
Claudell Tolputt,Gigant,ctolputtcx
Corrinne Golby,Nässjö,cgolbycy
Armstrong Tiery,Qiakeri,atierycz
Roosevelt Odell,Stockholm,rodelld0
Adolph Blackway,Wujian,ablackwayd1
Vinni Harry,Ponte,vharryd2
Alvie Ringham,Maguling,aringhamd3
Arabela Breawood,Capulaan,abreawoodd4
Henri Kynvin,Blawi,hkynvind5
Rowe Mulcahy,Reinaldes,rmulcahyd6
Costanza Payle,Dongzhaogezhuang,cpayled7
Glenna Schild,Ondoy,gschildd8
Bone Cammocke,Cerro Blanco,bcammocked9
Danila Schultheiss,Bāniyās,dschultheissda
Doug Di Carlo,Pulau Tiga,ddidb
Adrien Trumble,Przesmyki,atrumbledc
Bernadette Teodori,Cojata,bteodoridd
Edin Hayward,Yangshuo,ehaywardde
Darnall Sharpe,Feitoria,dsharpedf
Corrie Lawlie,Askersund,clawliedg
Mollie Varlow,El Charco,mvarlowdh
Rosaleen Viollet,Vale de Figueira,rviolletdi
Anastassia Romagosa,Tirana,aromagosadj
Doe Masdin,Zoushi,dmasdindk
Angelica Taplow,Xinxu,ataplowdl
Kassia Iiannone,Kogota,kiiannonedm
Adriana Broun,Irará,abroundn
Bartolemo Rymill,Tögrög,brymilldo
Mile Geratt,Aracati,mgerattdp
Jeanna Conway,Luleå,jconwaydq
Patin Smidmoor,Khondāb,psmidmoordr
Yorker Rous,Guacara,yrousds
Nerte Carson,Takanosu,ncarsondt
Dimitri Duham,Foundiougne,dduhamdu
Chev Trenoweth,Descalvado,ctrenowethdv
Tiffanie Mendel,Zainsk,tmendeldw
Calli McLucky,Quezalguaque,cmcluckydx
Trefor Lening,Jiyukou,tleningdy
Spenser Reuss,Lagodekhi,sreussdz
Sibilla Kelcey,Sishiba,skelceye0
Abbe Filipputti,Totora,afilipputtie1
Mella Ketchell,Xiadian,mketchelle2
Pavla Lakin,Vaitape,plakine3
Barb Eckhard,Hukvaldy,beckharde4
Hyacinthe Skipp,General La Madrid,hskippe5
Klarrisa Greensted,Villaguay,kgreenstede6
Gideon Potte,Ledok,gpottee7
Humfrey Humphries,Dawan,hhumphriese8
Calvin Collecott,Jiangjing,ccollecotte9
Vernen Corrington,Sarilhos Grandes,vcorringtonea
Philippe Ellam,Richky,pellameb
Kev Merrill,Mpraeso,kmerrillec
Jeanelle Perulli,Ankazoabo,jperullied
Loraine Dungee,Burqah,ldungeeee
Meredith Goodboddy,Gubengairlangga,mgoodboddyef
Lindon Antognetti,Zhongxiang,lantognettieg
Von Goudge,Shimen,vgoudgeeh
Denny Bonhome,Lamawalang,dbonhomeei
Gabriell Cisland,Baldone,gcislandej
Lydia Jeandel,Milton,ljeandelek
Trude Alger,Kangmei,talgerel
Gina Spellessy,Narail,gspellessyem
Colas Gilbanks,Diavatá,cgilbanksen
Aurea Ormston,Opaka,aormstoneo
Desiree Coulter,Taraju,dcoulterep
Loleta Ashbe,Viale,lashbeeq
Robert Ashton,Liuqu,rashtoner
Silva Bemment,Tilmi,sbemmentes
Lester Happer,Ngala,lhapperet
Yardley Enevold,Tabālah,yenevoldeu
Larry Tweedy,Buraen,ltweedyev
Margaux Vaun,Jinbo,mvaunew
Clim Dearth,Stettler,cdearthex
Evangelina Feltham,Tramandaí,efelthamey
Harriott Vedekhin,Meia Via,hvedekhinez
Neron MacGuffog,Cordova,nmacguffogf0
Rosalie Aiskrigg,Midland,raiskriggf1
Gerald Brownhill,Morez,gbrownhillf2
Dalila Irnis,Kugesi,dirnisf3
Roselle Standon,Cigaras,rstandonf4
Addia Elcum,Caen,aelcumf5
Maighdiln Cutforth,Vista Hermosa,mcutforthf6
Corey Glave,Huizhou,cglavef7
Carolynn Burkill,Mundri,cburkillf8
Thomasine Feria,Reitoca,tferiaf9
Viki How to preserve,Edéa,vhowfa
Stuart Denisyev,Hecun,sdenisyevfb
Ariana Elizabeth,Sebu,aelizabethfc
Agata Tasker,Yufa,ataskerfd
Mark Dallewater,Lemahputih,mdallewaterfe
Giraldo McCrum,Cibinong,gmccrumff
Tony Tenant,Elbasan,ttenantfg
Stefan Paulisch,Maras,spaulischfh
Whitby Lakey,San Pedro,wlakeyfi
Paolina Sellick,Longwood,psellickfj
Stormie Snalom,Spirovo,ssnalomfk
Sibyl Misken,Rogongon,smiskenfl
Thedrick Lake,Viimsi,tlakefm
Waylan Crassweller,Ashibetsu,wcrasswellerfn
Dael McKew,São Pedro do Estoril,dmckewfo
Beryl Josilevich,Floreşti,bjosilevichfp
Rita Fickling,Ketapang,rficklingfq
Humfrid Tappin,Łapczyca,htappinfr
Martin Edgeworth,Heshan,medgeworthfs
Ally McDonnell,Kobylanka,amcdonnellft
Ricoriki McNeice,Amapala,rmcneicefu
Aguste Pury,Pokrovskoye-Streshnëvo,apuryfv
Barbette Mongenot,Campamento,bmongenotfw
Jackqueline Dehn,Xianghua,jdehnfx
Morganica Iddons,Joyabaj,middonsfy
Granger Gunthorp,Lantang,ggunthorpfz
Delmore Tassaker,Uromi,dtassakerg0
Gretal Charrett,Bordeaux,gcharrettg1
Chrissy Reiners,Cabinda,creinersg2
Sally Ghidotti,Broska,sghidottig3
Baily Extil,Portland,bextilg4
Sibbie Ben,Tubod,sbeng5
Megen Bubbings,Prey Veng,mbubbingsg6
Dianne Elmer,Glagahdowo,delmerg7
Dredi Rustich,Limbuhan,drustichg8
Field Simione,Bang Phlat,fsimioneg9
Carolina Najafian,Venlo,cnajafianga
Angelique Harse,Kitchener,aharsegb
Gustavo Artin,Dongkeng,gartingc
Shay Tarbard,Gontar,starbardgd
Cornall Issacoff,Jiulong,cissacoffge
Alva Olczak,Darungan,aolczakgf
Iago Milillo,Yumani,imilillogg
Carol Baudts,Kibondo,cbaudtsgh
Genny Doles,Robīt,gdolesgi
Lacie Asel,Las Vegas,laselgj
Paulie Brickett,San Vicente,pbrickettgk
Arne Caygill,Polýkastro,acaygillgl
Morty Caskey,Azua,mcaskeygm
Jania Bird,Yong’an,jbirdgn
Roy Langshaw,Bulupayung,rlangshawgo
Moss Ibbetson,Noyon,mibbetsongp
Kale Sandwith,Kojagete,ksandwithgq
Alain Wilding,Ayna,awildinggr
Adella Minards,Baleagung,aminardsgs
Marten Tutchell,Palestina de los Altos,mtutchellgt
Elle Southwood,Bremen,esouthwoodgu
Augusta Catton,Montería,acattongv
Norbert Keeri,Al Ḩumaydāt,nkeerigw
Ben Cossell,Lesichevo,bcossellgx
Robb Penrith,Casais,rpenrithgy
Vaclav Sudran,Cicayur,vsudrangz
Georgeanne Alexandre,Philadelphia,galexandreh0
Hester Deeks,Taipingxu,hdeeksh1
Obadias Arnason,Danxi,oarnasonh2
Rollo Aldersley,Shakhun’ya,raldersleyh3
Josselyn Whyborne,Stockholm,jwhyborneh4
Cilka Fritchley,Villarrica,cfritchleyh5
Herby Upsale,Candelaria,hupsaleh6
Fidel De La Coste,Regla,fdeh7
Hube Magne,Maiduguri,hmagneh8
Clayton Jelley,Villa Allende,cjelleyh9
Cleve Ludlam,Kubanskiy,cludlamha
Taffy Egdal,Padangcermin,tegdalhb
Matthew Jacop,Talitsa,mjacophc
Carita Sabatier,Rozhnyativ,csabatierhd
Ximenez Cleeves,San Pablo,xcleeveshe
Ilka Botwood,Mekarjaya,ibotwoodhf
Ross McHarry,Tibillo,rmcharryhg
Lucille Martignoni,Heemstede,lmartignonihh
Emlynne Ezzle,Al ‘Ashshah,eezzlehi
Trever Boatman,Baquero Norte,tboatmanhj
Joy Gorelli,Mora,jgorellihk
Gabbie Peddowe,Sumurasin,gpeddowehl
Hildy Mathey,Wisła,hmatheyhm
Lukas Ledamun,Ostuncalco,lledamunhn
Nanette Jarnell,Mori,njarnellho
Tabor Klousner,Doumen,tklousnerhp
Gwynne Enrigo,Kayakent,genrigohq
Nyssa Spillett,Itzig,nspilletthr
Merna Puden,Nakasongola,mpudenhs
Tiena Peery,Višnjićevo,tpeeryht
Rollin Baskeyfied,Dongping,rbaskeyfiedhu
Travers Offer,Iksan,tofferhv
Lorrie Inglefield,Quchanghī,linglefieldhw
Chane Morhall,Abbeville,cmorhallhx
Gordon Chaudron,Tiedonglu,gchaudronhy
Julianne Walden,Zhengmo,jwaldenhz
Eberhard Whyke,Kalatongke,ewhykei0
Hali Baike,Klyuchevsk,hbaikei1
Germain Laird,Chão,glairdi2
Melony Coburn,Gaoshi,mcoburni3
Mike Darling,São Sebastião,mdarlingi4
Jehanna Dreus,Kunčina,jdreusi5
Nan Ramelet,Bahaodi,nrameleti6
Andreana Eliff,Rukunlima Bawah,aeliffi7
Dara Carlow,Cergy-Pontoise,dcarlowi8
Erminie Yewdall,Barcelona,eyewdalli9
Andromache Panks,Jatiprahu,apanksia
Ric Trobey,La Mohammedia,rtrobeyib
Costanza Watkiss,Kyaikkami,cwatkissic
Donielle Rhucroft,Wilcza,drhucroftid
Brook Fowkes,Prigrevica,bfowkesie
Gwenni Kinnoch,Yungaisi,gkinnochif
Sharron Ozintsev,Severskaya,sozintsevig
Polly Zellick,Cunday,pzellickih
Lance Austin,Aconibe,laustinii
Gerald Pennycock,Hexi,gpennycockij
Fabio Pagden,Pontal,fpagdenik
Frederique Broseke,Rokoy,fbrosekeil
Woodman Van Hesteren,Sarapul,wvanim
Filippo Bickersteth,Demuk,fbickerstethin
Anna Flohard,Chadong,aflohardio
Gage Varren,Barabedang,gvarrenip
Lavina Pilipyak,Pisões,lpilipyakiq
Justinn Spelling,Logan Lake,jspellingir
Anjanette Hallstone,San Rafael,ahallstoneis
Shani Stockle,Tamel,sstockleit
D'arcy Wager,Pameungpeuk,dwageriu
Zena Aughton,Novyye Gorki,zaughtoniv
Kati Bosma,Tanjung Kidul,kbosmaiw
Ardys Darwen,San Miguel,adarwenix
Joellen Noddles,N'Djamena,jnoddlesiy
Alfred Gaishson,Aristóbulo del Valle,agaishsoniz
Winni Abells,Sendafa,wabellsj0
Shea Corder,Delmas,scorderj1
Devonna Ruddock,Dibba Al-Fujairah,druddockj2
Allayne Copp,Hernández,acoppj3
Ivar Lorans,Surkhet,iloransj4
Esme Charke,Xiangyun,echarkej5
Gibbie Gages,Bongandanga,ggagesj6
Callie Nolte,Campina Grande,cnoltej7
Ella Vanyukov,Bolnisi,evanyukovj8
Salem McTrustey,Suohe,smctrusteyj9
Josy Antonognoli,Aigínio,jantonognolija
Granger Buxton,Lengkeng,gbuxtonjb
Nixie Antosch,Kontagora,nantoschjc
Horst Sibly,Kobylanka,hsiblyjd
Fenelia Le Marquis,Atouguia,fleje
Talyah Dulanty,Liqiao,tdulantyjf
Kiah Hodgen,Kendal,khodgenjg
Issy Thews,Colonia Wanda,ithewsjh
Dwayne Haith,Pinamalayan,dhaithji
Fayina Fleury,Xilian,ffleuryjj
Herrick Alday,Nanxia,haldayjk
Andras Yarrow,Vạn Giã,ayarrowjl
Domeniga Lourens,Gobernador Ingeniero Valentín Virasoro,dlourensjm
Flora Whiteman,Stockholm,fwhitemanjn
Elene Elson,Nesebar,eelsonjo
Chilton Rainsden,Huayuan,crainsdenjp
Jeff Coupe,Gaimán,jcoupejq
Sheff Caines,Wangunsari,scainesjr
Noby Petracek,Muheza,npetracekjs
Val Melbourn,Erling,vmelbournjt
Kelley Popplestone,Monte Redondo,kpopplestoneju
Alicea Lembcke,Haodi,alembckejv
Beryl Zavattiero,Energodar,bzavattierojw
Adore Di Franceschi,Huaping,adijx
Jsandye Clarson,Likhobory,jclarsonjy
Meade Rijkeseis,Las Lomas,mrijkeseisjz
Damaris Lanfere,Ganyesa,dlanferek0
Martina Bleasdale,Tataouine,mbleasdalek1
Alleen Godsell,Zagreb - Centar,agodsellk2
Torrie Keeble,Medeiros Neto,tkeeblek3
Gabriellia Trudgian,Hecheng,gtrudgiank4
Alina Harrowell,Companhia de Baixo,aharrowellk5
Juliane Cahani,Dalong,jcahanik6
Gabbi Cousen,Onzaga,gcousenk7
Kattie Colvie,Kąty Wrocławskie,kcolviek8
Prudi Schuster,Dijon,pschusterk9
Isador Waything,Chilecito,iwaythingka
Charlton Aleksankov,Piekielnik,caleksankovkb
Rhett Cleland,Mulchén,rclelandkc
Amaleta Edmand,Липково,aedmandkd
Aggy Acomb,Zhulin,aacombke
Josey Ixer,Ar Rawḑah,jixerkf
Kort Tripe,Belozërskoye,ktripekg
Starlin Inwood,Nevyts’ke,sinwoodkh
Leonie Manifield,Dulce Nombre de Culmí,lmanifieldki
Stacee Glasscott,Krasica,sglasscottkj
Esdras Brimicombe,Xuezhen,ebrimicombekk
Donall Bower,Renyi,dbowerkl
Noble Stuckley,Ōmuta,nstuckleykm
Glynis Mattiazzo,Gandu,gmattiazzokn
Roth Kingstne,Apitong,rkingstneko
Chilton Piegrome,San José de Colinas,cpiegromekp
Cristionna Holburn,Býšť,cholburnkq
Friedrick Padson,Jiajiaying,fpadsonkr
Aubrette Dyshart,Cimanggu,adyshartks
Darcie Slyde,Smyków,dslydekt
Dione Stoppard,Itaquaquecetuba,dstoppardku
Jessika Guerreru,Bobrovka,jguerrerukv
Eldridge Davidof,Shklo,edavidofkw
Norah Prandoni,Nazca,nprandonikx
Auroora Gunnell,Cagmanaba,agunnellky
Morganica Polglase,Karanyowka,mpolglasekz
Casar Ebsworth,Bahay Pare,cebsworthl0
Ermanno Vuittet,Detchino,evuittetl1
Cacilia McTague,Maszewo Duże,cmctaguel2
Basil Boards,Qorovulbozor,bboardsl3
Christiana McKibbin,Suwaru,cmckibbinl4
Collie Arington,Dūst Moḩammad Khān,caringtonl5
Mitzi Bennoe,Ikaalinen,mbennoel6
Kai Ferrao,Hanjiaji,kferraol7
Valentine Shewon,Bromont,vshewonl8
Aubrie Malshinger,Sukmoilang,amalshingerl9
Elissa Diben,Balindong,edibenla
Perkin Habbijam,Tlogotunggal,phabbijamlb
Lory Sword,Beloostrov,lswordlc
Maiga Hedman,Trzin,mhedmanld
Cissiee Dei,Del Valle,cdeile
Brittney Cordes,Paris 01,bcordeslf
Kennith Giblett,Hangbu,kgiblettlg
Elwood Salling,Maicao,esallinglh
Chuck Try,San Isidro,ctryli
Hatty Klimkowski,Quintães,hklimkowskilj
Vincents Beare,Puerto Mayor Otaño,vbearelk
Xylina Leeman,Matanza,xleemanll
Tobe Benes,Malvinas Argentinas,tbeneslm
Ninnette Ravenshaw,Žirovnica,nravenshawln
Leodora Ledram,Rafael Perazza,lledramlo
Gaspard Waszczyk,Niort,gwaszczyklp
Sargent Fearenside,Daleman,sfearensidelq
Jase Barensen,Ibarreta,jbarensenlr
Elspeth Spratley,Shaxi,espratleyls
Zola Paxforde,Cochabamba,zpaxfordelt
Anatol Wadly,Sidamukti,awadlylu
Raquel Cawley,Amparafaravola,rcawleylv
Timmy Blakeman,Angoulême,tblakemanlw
Dorisa Forryan,Miharu,dforryanlx
Johnathon Skipping,Trail,jskippingly
Rutherford Dallinder,El Progreso,rdallinderlz
Selestina Ashmole,Borås,sashmolem0
Harli Byre,Mao,hbyrem1
Gabriela Frediani,Smārde,gfredianim2
Elyn Heazel,Paccho,eheazelm3
Lynnett Anney,Ajoyani,lanneym4
Andros Hairyes,Bangbayang,ahairyesm5
Rodrique Rodenhurst,Rzeczenica,rrodenhurstm6
Urbano Perks,Tranca,uperksm7
Nicola Sinney,Ariquemes,nsinneym8
Cyrill Mingauld,Longguang,cmingauldm9
Allyn Cordie,Bagé,acordiema
Arlina Eaklee,Peruíbe,aeakleemb
Zorana Baert,Huyunxiang,zbaertmc
Lonee Dispencer,Catanduva,ldispencermd
Elana Kovacs,Mariscala,ekovacsme
Farris Borer,Bacabal,fborermf
Lisle Woodwing,Norfolk,lwoodwingmg
Hali Geratt,Beishan,hgerattmh
Alisander Van Velde,Cipicung,avanmi
Kermie Shovelbottom,Tampekan,kshovelbottommj
Polly Halifax,Kuroishi,phalifaxmk
Court Blofeld,Matlang,cblofeldml
Fey Wickerson,Quillo,fwickersonmm
Maximilianus Worham,Maştağa,mworhammn
Julio Renouf,Athens,jrenoufmo
Fraser Kos,Longtian,fkosmp
Evonne Panswick,London,epanswickmq
Jessalyn McNutt,Baojia,jmcnuttmr
Barbie Niaves,Sūq al Khamīs,bniavesms
Ringo Postill,Orly aérogare,rpostillmt
Stanislas Rangle,Izyaslav,sranglemu
Myrah Sherrard,Kipit,msherrardmv
Yorgos Clapison,Luyang,yclapisonmw
Nevin Castagneri,Novi Travnik,ncastagnerimx
Fiona Brunskill,Charlotte,fbrunskillmy
Blake Melly,Clondalkin,bmellymz
Peyter Hryncewicz,Cipicung Timur,phryncewiczn0
Jereme Dyshart,Fanrong,jdyshartn1
Lindon Babe,Longuita,lbaben2
Adria Trotton,Goundam,atrottonn3
Wayne Jerrold,Shangani,wjerroldn4
Didi Brandassi,Hwawŏn,dbrandassin5
Addy Maddyson,Tarhuna,amaddysonn6
Mayer Stollenwerck,Yatunpu,mstollenwerckn7
Keir Dorbin,Nanniu,kdorbinn8
Kellie Cancott,Norton,kcancottn9
Phillipp Wooland,Arcachon,pwoolandna
Stacee Skin,Străşeni,sskinnb
Dory Hathway,Kongjiang,dhathwaync
Gasparo Ferronet,Nazyvayevsk,gferronetnd
Deva Amsberger,Maseru,damsbergerne
Mari Mayhow,Yoro,mmayhownf
Joletta Exall,Al Masallamiyya,jexallng
Tedie Simonnet,Nangkaruka,tsimonnetnh
Trever Adanez,Antipolo,tadanezni
Huntley Lombardo,Sanchahe,hlombardonj
Jeremie Hasser,Géfyra,jhassernk
Joscelin Euler,Arvika,jeulernl
Shayna Newlan,Aracruz,snewlannm
Wilfred Chadwick,Liuzhuang,wchadwicknn
Indira Fargher,Compiègne,ifargherno
Estella Jollands,Guadalupe,ejollandsnp
Brena Coleridge,Zwierzyniec,bcoleridgenq
Netty Fosten,Qianpai,nfostennr
Pincas Sellars,Kalandagan,psellarsns
Micah Sidlow,Rueil-Malmaison,msidlownt
Herman Chinnery,Omīdcheh,hchinnerynu
Felizio Ros,Nakovo,frosnv
Barn Cutmare,Inari,bcutmarenw
Jessi Whittier,Akureyri,jwhittiernx
Kordula Nursey,Tangqian,knurseyny
Molly Bolding,Morrelgonj,mboldingnz
Laure Mateiko,Sampaloc,lmateikoo0
Lyn Sneller,Sirre,lsnellero1
Sheena Standrin,Challas,sstandrino2
Lorna MacInerney,Budapest,lmacinerneyo3
Edyth Esposita,Kovářov,eespositao4
Emma Pedley,Sitiarjo,epedleyo5
Kirsten Eburne,Jawa,keburneo6
Vin Laite,Airmadidi,vlaiteo7
Jerry Sydes,Pastores,jsydeso8
Frederica Pearch,Dordrecht,fpearcho9
Evie Yurkov,Xinshancun,eyurkovoa
Ezri Olliff,Zhifang,eolliffob
Mellie McNirlan,Mlanggeng,mmcnirlanoc
Janie Cosens,Minas,jcosensod
Reggie Sidlow,Tunguang,rsidlowoe
Dud Jagiello,Schieren,djagielloof
Letti Ponten,Cisasak,lpontenog
Aland Mumbray,Sindou,amumbrayoh
Maude Samuel,Maciejowice,msamueloi
Julia Wakley,Longjumeau,jwakleyoj
Vivyanne Boundley,Choloma,vboundleyok
Parker Wibberley,Abhar,pwibberleyol
Rosalia Sheron,Pukou,rsheronom
Yurik Pindell,Jingguan,ypindellon
Arlen Dundridge,Aizi,adundridgeoo
Hamilton Feldmus,Lobatse,hfeldmusop
Bryana Lynas,Borzytuchom,blynasoq
Katinka Perazzo,Daytona Beach,kperazzoor
Husain Hussell,Połajewo,hhussellos
Charin Carlet,Khārān,ccarletot
Padraic McIlharga,Göteborg,pmcilhargaou
Celesta Grishin,Hội An,cgrishinov
Mollee Jaksic,Citeureup,mjaksicow
Kirstyn Febry,Vila Fria,kfebryox
Mehetabel Esgate,Huxi,mesgateoy
Cathi Podmore,Zhouzhuang,cpodmoreoz
Audre Pitcaithly,San Vicente,apitcaithlyp0
Beverlee Kynton,Nikol’sk,bkyntonp1
Kilian Dumphry,Kamionka Strumitowa,kdumphryp2
Brock See,Ishim,bseep3
Leena Wressell,Marseille,lwressellp4
Cristionna Geerdts,Tomar,cgeerdtsp5
Donella Gwilt,Alanga,dgwiltp6
Ferdinande Tuite,Saint-Quentin,ftuitep7
Lorenza Stonebanks,Sonsorol Village,lstonebanksp8
Jermaine Grob,Ystad,jgrobp9
Colline Summerly,Batangtoru,csummerlypa
Kasey MacCheyne,Hantara,kmaccheynepb
Mable Courtese,Iguape,mcourtesepc
Rainer Arlidge,Weda,rarlidgepd
Gaby Matelyunas,Antes,gmatelyunaspe
Ransom Brindley,Tuymazy,rbrindleypf
Zelma Swinglehurst,Diang,zswinglehurstpg
Tobias Paolino,Yingta,tpaolinoph
Clare Kingaby,Daet,ckingabypi
Raimondo Cattach,Cavadas,rcattachpj
Calvin Lope,Rangxi,clopepk
Ulla Quaife,Baghlān,uquaifepl
Marlo Fillgate,Zagórnik,mfillgatepm
Hayward Corss,Revolucion,hcorsspn
Thekla Harmer,Daxi,tharmerpo
Patti Scoggans,L’govskiy,pscogganspp
Mahmoud Wink,Santa Cruz do Bispo,mwinkpq
Leshia Inglefield,Korsze,linglefieldpr
Ermanno Nix,Xixiang,enixps
Binky Limbert,Dadapan,blimbertpt
Arlen Lionel,Lahad Datu,alionelpu
Mellisa Tipple,Arras,mtipplepv
Laurent Ivanchov,Shilovo,livanchovpw
Roley Casarino,Cirumput,rcasarinopx
Adrianne Frede,Secang Barat,afredepy
Stearn McQuade,Yuanping,smcquadepz
Agosto Orsman,Kiarajangkung,aorsmanq0
Scarface Tomas,Jaú,stomasq1
Doralynn Shackleford,Lincheng,dshacklefordq2
Eddy de Mullett,Pangrumasan,edeq3
Kali Winnett,Naas,kwinnettq4
Timoteo MacPake,Jemielno,tmacpakeq5
Alene Dunstone,Zolotonosha,adunstoneq6
Jenny Trubshaw,Cordeiro,jtrubshawq7
Flemming McAvaddy,Visim,fmcavaddyq8
Reina McInulty,Al Khafsah,rmcinultyq9
Earlie Donne,Changshan,edonneqa
Sadye Eisak,Felgueiras,seisakqb
Alisa Kale,Cha’anpu,akaleqc
Anny Maddick,Payabon,amaddickqd
Jocelin Ebbings,Coxim,jebbingsqe
Linette Wyldbore,Söderköping,lwyldboreqf
Callean Pavey,Ke’erlun,cpaveyqg
Vi Undrill,Niemodlin,vundrillqh
Odella Oddey,Dunkerque,ooddeyqi
Chevy Bettesworth,Pepe,cbettesworthqj
Johny Spillane,Gaoqiao,jspillaneqk
Neville Bruckental,Karangbayat,nbruckentalql
Mollie Fifield,Sattahip,mfifieldqm
Cecilio Swatridge,Matai,cswatridgeqn
Kissiah Spicer,Cereté,kspicerqo
Noni Klaiser,Stepnica,nklaiserqp
Jens Gyse,Gaopi,jgyseqq
Valaree Lackey,Mombok,vlackeyqr
Clotilda Pitkaithly,Dongming,cpitkaithlyqs
Shane Cauldfield,Ngembel,scauldfieldqt
Osbourn Gauche,Naju,ogauchequ
Tabbi Morse,Sukarama,tmorseqv
Josh Feltham,Foshan,jfelthamqw
Shannon Klimuk,Listowel,sklimukqx
Shir Petrichat,Amaigbo,spetrichatqy
Bryn Brooker,Soasio,bbrookerqz
Saunder Isham,Dębowiec,sishamr0
Clarance Usher,Wangchang,cusherr1
Waly Piggott,Niba,wpiggottr2
Allx De la Yglesia,Rezé,ader3
Carolyne Walkden,Banfora,cwalkdenr4
Nichole Pitkeathly,Gorzyce,npitkeathlyr5
Theodore Barkhouse,Hrochův Týnec,tbarkhouser6
Tammy Norker,Gaoqiu,tnorkerr7
Carly Gowanlock,Utrecht (stad),cgowanlockr8
Brigit Gonsalvo,Dawuhan,bgonsalvor9
Emalee Ciani,Pancheng,ecianira
Marcelo Gaine of England,Poncokusumo,mgainerb
Lenette Sandall,Ojo de Agua,lsandallrc
Rafaelita Blackadder,Torrance,rblackadderrd
Holly Sheldrick,Oliveirinha,hsheldrickre
Colline Loraine,Tomé,clorainerf
Mellie Peedell,Bonao,mpeedellrg
Babs Colecrough,Lišov,bcolecroughrh
Derrick Carncross,Ma’ao,dcarncrossri
Martita Rizzotto,Saint-Quentin-en-Yvelines,mrizzottorj
Ilysa Ellams,Svoge,iellamsrk
Jennilee Topper,Jinniu,jtopperrl
Darwin Ogden,Aba,dogdenrm
Harmonie Bytheway,Curumaní,hbythewayrn
Nicolais Allsepp,Batangtoru,nallseppro
Travus Pinxton,Santo Amaro,tpinxtonrp
Revkah Jurgenson,Bintuni,rjurgensonrq
Lombard Tomczak,Chon Daen,ltomczakrr
